link_id,t_min,avg_weekday_speed_mph,length_mi,lanes,avg_weekday_flow_veh_per_hr_lane
1,0,50.3,0.135,1,2191.0
1,15,49.1,0.135,1,2192.0
1,30,49.5,0.135,1,2192.0
1,45,50.5,0.135,1,2184.0
1,60,50.3,0.135,1,2183.0
1,75,50.8,0.135,1,2187.0
1,90,50.3,0.135,1,2188.0
1,105,50.6,0.135,1,2187.0
1,120,50.3,0.135,1,2183.0
1,135,52.2,0.135,1,2180.0
1,150,52.1,0.135,1,2160.0
1,165,50.3,0.135,1,2175.0
1,180,50.3,0.135,1,2179.0
1,195,51.0,0.135,1,2173.0
1,210,52.8,0.135,1,2169.0
1,225,52.5,0.135,1,2183.0
1,240,53.1,0.135,1,2176.0
1,255,53.5,0.135,1,2174.0
1,270,55.9,0.135,1,2144.0
1,285,56.2,0.135,1,2132.0
1,300,56.3,0.135,1,2108.0
1,315,53.3,0.135,1,2122.0
1,330,49.6,0.135,1,2137.0
1,345,48.2,0.135,1,2112.0
1,360,46.2,0.135,1,2122.0
1,375,43.4,0.135,1,2111.0
1,390,42.1,0.135,1,2099.0
1,405,40.4,0.135,1,2092.0
1,420,38.6,0.135,1,2039.0
1,435,35.1,0.135,1,1995.0
1,450,26.6,0.135,1,1765.0
1,465,21.5,0.135,1,1584.0
1,480,20.6,0.135,1,1534.0
1,495,19.3,0.135,1,1497.0
1,510,17.7,0.135,1,1431.0
1,525,18.0,0.135,1,1452.0
1,540,21.2,0.135,1,1519.0
1,555,26.7,0.135,1,1671.0
1,570,33.2,0.135,1,1840.0
1,585,37.9,0.135,1,1964.0
1,600,41.2,0.135,1,2058.0
1,615,42.8,0.135,1,2123.0
1,630,42.3,0.135,1,2099.0
1,645,42.8,0.135,1,2096.0
1,660,44.2,0.135,1,2102.0
1,675,45.7,0.135,1,2137.0
1,690,43.3,0.135,1,2109.0
1,705,41.0,0.135,1,2044.0
1,720,42.3,0.135,1,2059.0
1,735,42.3,0.135,1,2042.0
1,750,41.1,0.135,1,2033.0
1,765,40.9,0.135,1,2022.0
1,780,42.6,0.135,1,2085.0
1,795,39.7,0.135,1,2054.0
1,810,39.8,0.135,1,2034.0
1,825,42.4,0.135,1,2088.0
1,840,39.4,0.135,1,2032.0
1,855,29.2,0.135,1,1800.0
1,870,25.2,0.135,1,1675.0
1,885,22.3,0.135,1,1583.0
1,900,22.2,0.135,1,1599.0
1,915,18.0,0.135,1,1454.0
1,930,16.8,0.135,1,1414.0
1,945,19.6,0.135,1,1492.0
1,960,15.5,0.135,1,1370.0
1,975,14.2,0.135,1,1307.0
1,990,15.9,0.135,1,1387.0
1,1005,17.1,0.135,1,1409.0
1,1020,15.5,0.135,1,1345.0
1,1035,12.7,0.135,1,1256.0
1,1050,12.9,0.135,1,1256.0
1,1065,14.4,0.135,1,1310.0
1,1080,17.5,0.135,1,1444.0
1,1095,17.5,0.135,1,1465.0
1,1110,19.0,0.135,1,1500.0
1,1125,23.4,0.135,1,1604.0
1,1140,24.3,0.135,1,1612.0
1,1155,26.8,0.135,1,1678.0
1,1170,30.8,0.135,1,1814.0
1,1185,36.7,0.135,1,1957.0
1,1200,42.0,0.135,1,2065.0
1,1215,44.0,0.135,1,2107.0
1,1230,46.2,0.135,1,2158.0
1,1245,48.1,0.135,1,2192.0
1,1260,48.9,0.135,1,2190.0
1,1275,46.9,0.135,1,2161.0
1,1290,47.6,0.135,1,2151.0
1,1305,47.7,0.135,1,2152.0
1,1320,48.4,0.135,1,2151.0
1,1335,47.9,0.135,1,2155.0
1,1350,48.1,0.135,1,2156.0
1,1365,49.4,0.135,1,2171.0
1,1380,49.8,0.135,1,2186.0
1,1395,50.3,0.135,1,2190.0
1,1410,51.0,0.135,1,2191.0
1,1425,50.5,0.135,1,2187.0
2,0,54.7,0.024,1,2163.0
2,15,53.7,0.024,1,2166.0
2,30,54.2,0.024,1,2163.0
2,45,55.2,0.024,1,2146.0
2,60,53.7,0.024,1,2137.0
2,75,53.2,0.024,1,2148.0
2,90,53.6,0.024,1,2161.0
2,105,53.1,0.024,1,2158.0
2,120,53.4,0.024,1,2149.0
2,135,55.3,0.024,1,2147.0
2,150,55.9,0.024,1,2123.0
2,165,54.4,0.024,1,2155.0
2,180,53.8,0.024,1,2166.0
2,195,53.9,0.024,1,2152.0
2,210,56.6,0.024,1,2123.0
2,225,57.9,0.024,1,2098.0
2,240,57.2,0.024,1,2114.0
2,255,58.2,0.024,1,2100.0
2,270,59.7,0.024,1,2059.0
2,285,59.7,0.024,1,2054.0
2,300,59.6,0.024,1,2048.0
2,315,56.5,0.024,1,2117.0
2,330,53.4,0.024,1,2114.0
2,345,50.8,0.024,1,2073.0
2,360,49.4,0.024,1,2088.0
2,375,49.1,0.024,1,2143.0
2,390,46.8,0.024,1,2131.0
2,405,46.0,0.024,1,2139.0
2,420,45.9,0.024,1,2136.0
2,435,43.6,0.024,1,2124.0
2,450,36.1,0.024,1,1986.0
2,465,27.7,0.024,1,1748.0
2,480,26.0,0.024,1,1677.0
2,495,21.8,0.024,1,1498.0
2,510,20.8,0.024,1,1452.0
2,525,22.0,0.024,1,1460.0
2,540,25.3,0.024,1,1547.0
2,555,32.6,0.024,1,1768.0
2,570,40.0,0.024,1,1930.0
2,585,42.5,0.024,1,1968.0
2,600,47.6,0.024,1,2093.0
2,615,50.5,0.024,1,2189.0
2,630,49.4,0.024,1,2156.0
2,645,49.1,0.024,1,2147.0
2,660,49.9,0.024,1,2136.0
2,675,50.2,0.024,1,2127.0
2,690,50.5,0.024,1,2154.0
2,705,48.1,0.024,1,2070.0
2,720,47.8,0.024,1,2054.0
2,735,48.9,0.024,1,2058.0
2,750,48.6,0.024,1,2063.0
2,765,48.9,0.024,1,2084.0
2,780,50.0,0.024,1,2109.0
2,795,49.5,0.024,1,2139.0
2,810,48.9,0.024,1,2121.0
2,825,50.3,0.024,1,2155.0
2,840,49.7,0.024,1,2165.0
2,855,43.2,0.024,1,2083.0
2,870,40.9,0.024,1,2042.0
2,885,39.8,0.024,1,2027.0
2,900,38.7,0.024,1,2025.0
2,915,33.5,0.024,1,1897.0
2,930,29.8,0.024,1,1758.0
2,945,33.1,0.024,1,1838.0
2,960,29.0,0.024,1,1787.0
2,975,27.4,0.024,1,1709.0
2,990,30.7,0.024,1,1780.0
2,1005,31.5,0.024,1,1772.0
2,1020,30.8,0.024,1,1805.0
2,1035,26.8,0.024,1,1726.0
2,1050,23.8,0.024,1,1616.0
2,1065,27.4,0.024,1,1707.0
2,1080,32.4,0.024,1,1839.0
2,1095,32.4,0.024,1,1843.0
2,1110,32.6,0.024,1,1852.0
2,1125,32.9,0.024,1,1832.0
2,1140,33.5,0.024,1,1848.0
2,1155,33.7,0.024,1,1835.0
2,1170,39.7,0.024,1,1996.0
2,1185,43.5,0.024,1,2049.0
2,1200,48.6,0.024,1,2109.0
2,1215,50.7,0.024,1,2142.0
2,1230,51.6,0.024,1,2163.0
2,1245,52.7,0.024,1,2183.0
2,1260,53.6,0.024,1,2175.0
2,1275,52.6,0.024,1,2174.0
2,1290,52.8,0.024,1,2174.0
2,1305,52.3,0.024,1,2161.0
2,1320,53.5,0.024,1,2175.0
2,1335,53.4,0.024,1,2171.0
2,1350,53.4,0.024,1,2175.0
2,1365,54.5,0.024,1,2166.0
2,1380,54.7,0.024,1,2157.0
2,1395,54.7,0.024,1,2165.0
2,1410,55.3,0.024,1,2152.0
2,1425,55.1,0.024,1,2154.0
3,0,63.5,0.924,1,1876.0
3,15,62.7,0.924,1,1929.0
3,30,62.4,0.924,1,1936.0
3,45,61.9,0.924,1,1937.0
3,60,61.5,0.924,1,1973.0
3,75,61.6,0.924,1,1955.0
3,90,61.6,0.924,1,1977.0
3,105,61.7,0.924,1,1974.0
3,120,60.8,0.924,1,2020.0
3,135,62.0,0.924,1,1953.0
3,150,62.0,0.924,1,1959.0
3,165,62.0,0.924,1,1930.0
3,180,62.0,0.924,1,1942.0
3,195,62.7,0.924,1,1946.0
3,210,65.8,0.924,1,1679.0
3,225,66.3,0.924,1,1647.0
3,240,66.6,0.924,1,1630.0
3,255,68.4,0.924,1,1399.0
3,270,67.5,0.924,1,1526.0
3,285,68.1,0.924,1,1446.0
3,300,67.7,0.924,1,1518.0
3,315,65.7,0.924,1,1752.0
3,330,64.2,0.924,1,1849.0
3,345,61.5,0.924,1,2001.0
3,360,60.5,0.924,1,2037.0
3,375,56.3,0.924,1,2104.0
3,390,48.9,0.924,1,2094.0
3,405,39.6,0.924,1,1986.0
3,420,38.1,0.924,1,1940.0
3,435,33.3,0.924,1,1861.0
3,450,27.4,0.924,1,1777.0
3,465,26.8,0.924,1,1765.0
3,480,31.1,0.924,1,1800.0
3,495,31.1,0.924,1,1808.0
3,510,27.3,0.924,1,1764.0
3,525,29.0,0.924,1,1782.0
3,540,37.8,0.924,1,1955.0
3,555,46.8,0.924,1,2044.0
3,570,48.4,0.924,1,2061.0
3,585,51.7,0.924,1,2044.0
3,600,57.6,0.924,1,2055.0
3,615,58.8,0.924,1,2038.0
3,630,59.3,0.924,1,2002.0
3,645,58.9,0.924,1,2023.0
3,660,60.2,0.924,1,1963.0
3,675,59.7,0.924,1,1975.0
3,690,60.4,0.924,1,1970.0
3,705,60.7,0.924,1,1970.0
3,720,61.9,0.924,1,1981.0
3,735,61.7,0.924,1,1991.0
3,750,62.0,0.924,1,1978.0
3,765,62.3,0.924,1,1975.0
3,780,62.4,0.924,1,1969.0
3,795,62.5,0.924,1,1967.0
3,810,62.2,0.924,1,1982.0
3,825,62.4,0.924,1,1966.0
3,840,62.1,0.924,1,1984.0
3,855,60.8,0.924,1,2036.0
3,870,61.0,0.924,1,2027.0
3,885,61.1,0.924,1,2024.0
3,900,60.2,0.924,1,2051.0
3,915,58.9,0.924,1,2052.0
3,930,58.6,0.924,1,2061.0
3,945,57.0,0.924,1,2063.0
3,960,54.7,0.924,1,2017.0
3,975,52.8,0.924,1,2020.0
3,990,49.3,0.924,1,2044.0
3,1005,48.2,0.924,1,1986.0
3,1020,49.9,0.924,1,2001.0
3,1035,49.1,0.924,1,1989.0
3,1050,45.9,0.924,1,1937.0
3,1065,43.1,0.924,1,1897.0
3,1080,42.7,0.924,1,1861.0
3,1095,43.0,0.924,1,1882.0
3,1110,50.3,0.924,1,2037.0
3,1125,54.0,0.924,1,2020.0
3,1140,56.4,0.924,1,2055.0
3,1155,58.5,0.924,1,2016.0
3,1170,58.5,0.924,1,2015.0
3,1185,61.0,0.924,1,2020.0
3,1200,62.8,0.924,1,1946.0
3,1215,61.7,0.924,1,1999.0
3,1230,62.7,0.924,1,1954.0
3,1245,62.4,0.924,1,1963.0
3,1260,62.5,0.924,1,1955.0
3,1275,62.5,0.924,1,1961.0
3,1290,63.6,0.924,1,1904.0
3,1305,63.3,0.924,1,1923.0
3,1320,63.7,0.924,1,1895.0
3,1335,64.2,0.924,1,1857.0
3,1350,63.3,0.924,1,1919.0
3,1365,64.2,0.924,1,1861.0
3,1380,64.0,0.924,1,1871.0
3,1395,64.3,0.924,1,1843.0
3,1410,63.2,0.924,1,1907.0
3,1425,62.9,0.924,1,1924.0
4,0,62.9,1.151,1,1920.0
4,15,62.3,1.151,1,1945.0
4,30,61.2,1.151,1,1997.0
4,45,61.4,1.151,1,1988.0
4,60,60.6,1.151,1,2017.0
4,75,60.7,1.151,1,2022.0
4,90,60.8,1.151,1,2008.0
4,105,61.8,1.151,1,1979.0
4,120,61.6,1.151,1,1990.0
4,135,62.1,1.151,1,1924.0
4,150,61.6,1.151,1,1964.0
4,165,61.9,1.151,1,1939.0
4,180,61.6,1.151,1,1966.0
4,195,62.0,1.151,1,1963.0
4,210,65.3,1.151,1,1740.0
4,225,66.1,1.151,1,1680.0
4,240,66.2,1.151,1,1695.0
4,255,67.7,1.151,1,1490.0
4,270,66.9,1.151,1,1614.0
4,285,67.5,1.151,1,1544.0
4,300,66.8,1.151,1,1637.0
4,315,64.1,1.151,1,1876.0
4,330,62.6,1.151,1,1954.0
4,345,60.7,1.151,1,2036.0
4,360,58.1,1.151,1,2055.0
4,375,53.4,1.151,1,2097.0
4,390,50.2,1.151,1,2113.0
4,405,46.8,1.151,1,2112.0
4,420,46.4,1.151,1,2071.0
4,435,45.7,1.151,1,2054.0
4,450,44.2,1.151,1,2037.0
4,465,45.6,1.151,1,2076.0
4,480,49.4,1.151,1,2137.0
4,495,48.8,1.151,1,2110.0
4,510,44.0,1.151,1,2054.0
4,525,44.2,1.151,1,2071.0
4,540,50.0,1.151,1,2147.0
4,555,53.8,1.151,1,2143.0
4,570,54.8,1.151,1,2146.0
4,585,56.0,1.151,1,2140.0
4,600,54.9,1.151,1,2118.0
4,615,56.2,1.151,1,2129.0
4,630,57.0,1.151,1,2116.0
4,645,57.5,1.151,1,2121.0
4,660,59.0,1.151,1,2078.0
4,675,59.0,1.151,1,2088.0
4,690,58.8,1.151,1,2083.0
4,705,57.7,1.151,1,2078.0
4,720,57.5,1.151,1,2048.0
4,735,57.7,1.151,1,2037.0
4,750,58.3,1.151,1,2050.0
4,765,58.4,1.151,1,2087.0
4,780,59.9,1.151,1,2066.0
4,795,60.0,1.151,1,2060.0
4,810,59.1,1.151,1,2083.0
4,825,59.3,1.151,1,2081.0
4,840,59.3,1.151,1,2080.0
4,855,58.3,1.151,1,2101.0
4,870,57.3,1.151,1,2121.0
4,885,57.3,1.151,1,2122.0
4,900,54.9,1.151,1,2133.0
4,915,54.7,1.151,1,2138.0
4,930,54.6,1.151,1,2139.0
4,945,52.2,1.151,1,2158.0
4,960,53.9,1.151,1,2171.0
4,975,53.9,1.151,1,2167.0
4,990,51.6,1.151,1,2159.0
4,1005,50.5,1.151,1,2160.0
4,1020,49.7,1.151,1,2155.0
4,1035,47.9,1.151,1,2147.0
4,1050,47.7,1.151,1,2126.0
4,1065,47.5,1.151,1,2140.0
4,1080,49.3,1.151,1,2149.0
4,1095,49.8,1.151,1,2128.0
4,1110,48.8,1.151,1,2104.0
4,1125,51.0,1.151,1,2124.0
4,1140,53.0,1.151,1,2102.0
4,1155,52.9,1.151,1,2105.0
4,1170,56.3,1.151,1,2103.0
4,1185,58.8,1.151,1,2091.0
4,1200,60.4,1.151,1,2048.0
4,1215,59.7,1.151,1,2071.0
4,1230,60.3,1.151,1,2049.0
4,1245,60.5,1.151,1,2043.0
4,1260,60.8,1.151,1,2031.0
4,1275,61.4,1.151,1,2007.0
4,1290,61.8,1.151,1,1990.0
4,1305,62.4,1.151,1,1967.0
4,1320,62.5,1.151,1,1954.0
4,1335,62.2,1.151,1,1965.0
4,1350,62.0,1.151,1,1986.0
4,1365,62.5,1.151,1,1946.0
4,1380,62.5,1.151,1,1956.0
4,1395,63.1,1.151,1,1921.0
4,1410,62.9,1.151,1,1930.0
4,1425,62.7,1.151,1,1944.0
5,0,60.2,0.273,1,2030.0
5,15,59.9,0.273,1,2050.0
5,30,59.7,0.273,1,2051.0
5,45,59.8,0.273,1,2045.0
5,60,58.8,0.273,1,2079.0
5,75,58.7,0.273,1,2072.0
5,90,59.5,0.273,1,2053.0
5,105,59.5,0.273,1,2051.0
5,120,58.8,0.273,1,2069.0
5,135,59.5,0.273,1,2036.0
5,150,58.6,0.273,1,2055.0
5,165,58.6,0.273,1,2077.0
5,180,59.5,0.273,1,2047.0
5,195,61.5,0.273,1,1977.0
5,210,63.6,0.273,1,1873.0
5,225,65.2,0.273,1,1772.0
5,240,64.7,0.273,1,1815.0
5,255,66.6,0.273,1,1664.0
5,270,65.5,0.273,1,1770.0
5,285,65.8,0.273,1,1753.0
5,300,64.9,0.273,1,1816.0
5,315,61.9,0.273,1,1991.0
5,330,59.7,0.273,1,2065.0
5,345,57.4,0.273,1,2126.0
5,360,55.3,0.273,1,2152.0
5,375,49.2,0.273,1,2143.0
5,390,41.9,0.273,1,2054.0
5,405,35.5,0.273,1,1974.0
5,420,35.7,0.273,1,1958.0
5,435,29.8,0.273,1,1847.0
5,450,22.5,0.273,1,1681.0
5,465,20.8,0.273,1,1632.0
5,480,21.4,0.273,1,1644.0
5,495,22.4,0.273,1,1682.0
5,510,21.6,0.273,1,1649.0
5,525,23.1,0.273,1,1699.0
5,540,26.3,0.273,1,1779.0
5,555,28.6,0.273,1,1825.0
5,570,29.0,0.273,1,1827.0
5,585,29.6,0.273,1,1832.0
5,600,31.9,0.273,1,1877.0
5,615,40.1,0.273,1,2012.0
5,630,42.7,0.273,1,2038.0
5,645,44.2,0.273,1,2083.0
5,660,47.9,0.273,1,2091.0
5,675,48.3,0.273,1,2079.0
5,690,48.8,0.273,1,2101.0
5,705,48.0,0.273,1,2099.0
5,720,48.8,0.273,1,2086.0
5,735,48.0,0.273,1,2085.0
5,750,47.7,0.273,1,2091.0
5,765,47.7,0.273,1,2105.0
5,780,48.2,0.273,1,2094.0
5,795,48.2,0.273,1,2095.0
5,810,47.2,0.273,1,2101.0
5,825,46.5,0.273,1,2101.0
5,840,46.3,0.273,1,2096.0
5,855,44.7,0.273,1,2066.0
5,870,39.7,0.273,1,2014.0
5,885,36.1,0.273,1,1966.0
5,900,35.2,0.273,1,1961.0
5,915,33.4,0.273,1,1934.0
5,930,30.1,0.273,1,1876.0
5,945,26.2,0.273,1,1787.0
5,960,25.3,0.273,1,1765.0
5,975,24.2,0.273,1,1742.0
5,990,22.4,0.273,1,1695.0
5,1005,21.1,0.273,1,1663.0
5,1020,21.7,0.273,1,1657.0
5,1035,20.4,0.273,1,1623.0
5,1050,20.7,0.273,1,1650.0
5,1065,21.0,0.273,1,1663.0
5,1080,22.6,0.273,1,1709.0
5,1095,23.3,0.273,1,1729.0
5,1110,27.0,0.273,1,1801.0
5,1125,33.2,0.273,1,1929.0
5,1140,40.3,0.273,1,2019.0
5,1155,46.8,0.273,1,2120.0
5,1170,50.6,0.273,1,2138.0
5,1185,52.0,0.273,1,2115.0
5,1200,54.2,0.273,1,2109.0
5,1215,55.5,0.273,1,2122.0
5,1230,56.5,0.273,1,2144.0
5,1245,57.7,0.273,1,2117.0
5,1260,57.9,0.273,1,2115.0
5,1275,58.4,0.273,1,2102.0
5,1290,58.5,0.273,1,2098.0
5,1305,58.3,0.273,1,2105.0
5,1320,60.5,0.273,1,2045.0
5,1335,59.8,0.273,1,2059.0
5,1350,59.8,0.273,1,2061.0
5,1365,59.8,0.273,1,2060.0
5,1380,60.6,0.273,1,2037.0
5,1395,60.9,0.273,1,2021.0
5,1410,60.6,0.273,1,2027.0
5,1425,60.7,0.273,1,2031.0
6,0,62.9,0.779,1,1907.0
6,15,61.7,0.779,1,1975.0
6,30,61.0,0.779,1,1997.0
6,45,61.4,0.779,1,1992.0
6,60,61.0,0.779,1,1991.0
6,75,60.4,0.779,1,2024.0
6,90,60.8,0.779,1,2018.0
6,105,60.3,0.779,1,2025.0
6,120,60.4,0.779,1,2031.0
6,135,61.2,0.779,1,1980.0
6,150,61.0,0.779,1,1996.0
6,165,60.7,0.779,1,2009.0
6,180,61.1,0.779,1,2000.0
6,195,61.8,0.779,1,1989.0
6,210,64.0,0.779,1,1844.0
6,225,64.4,0.779,1,1808.0
6,240,65.2,0.779,1,1763.0
6,255,66.7,0.779,1,1625.0
6,270,66.4,0.779,1,1681.0
6,285,66.9,0.779,1,1624.0
6,300,66.3,0.779,1,1696.0
6,315,65.3,0.779,1,1791.0
6,330,63.9,0.779,1,1883.0
6,345,63.0,0.779,1,1939.0
6,360,61.9,0.779,1,1986.0
6,375,59.7,0.779,1,2069.0
6,390,58.1,0.779,1,2108.0
6,405,55.3,0.779,1,2143.0
6,420,53.5,0.779,1,2155.0
6,435,50.3,0.779,1,2150.0
6,450,47.2,0.779,1,2142.0
6,465,42.7,0.779,1,2087.0
6,480,44.4,0.779,1,2100.0
6,495,46.2,0.779,1,2125.0
6,510,48.0,0.779,1,2118.0
6,525,46.9,0.779,1,2115.0
6,540,48.3,0.779,1,2114.0
6,555,53.1,0.779,1,2123.0
6,570,54.9,0.779,1,2097.0
6,585,55.9,0.779,1,2107.0
6,600,59.5,0.779,1,2067.0
6,615,59.5,0.779,1,2076.0
6,630,59.7,0.779,1,2071.0
6,645,59.7,0.779,1,2071.0
6,660,60.9,0.779,1,2032.0
6,675,60.8,0.779,1,2037.0
6,690,61.0,0.779,1,2026.0
6,705,60.6,0.779,1,2041.0
6,720,60.7,0.779,1,2038.0
6,735,60.9,0.779,1,2029.0
6,750,61.3,0.779,1,2020.0
6,765,61.5,0.779,1,2013.0
6,780,60.5,0.779,1,2040.0
6,795,61.2,0.779,1,2020.0
6,810,61.2,0.779,1,2022.0
6,825,61.6,0.779,1,2003.0
6,840,61.3,0.779,1,2019.0
6,855,60.5,0.779,1,2048.0
6,870,61.0,0.779,1,2029.0
6,885,61.1,0.779,1,2025.0
6,900,60.8,0.779,1,2033.0
6,915,60.1,0.779,1,2058.0
6,930,60.5,0.779,1,2041.0
6,945,60.0,0.779,1,2060.0
6,960,59.7,0.779,1,2066.0
6,975,59.3,0.779,1,2069.0
6,990,60.3,0.779,1,2053.0
6,1005,60.3,0.779,1,2048.0
6,1020,59.7,0.779,1,2066.0
6,1035,59.1,0.779,1,2087.0
6,1050,58.5,0.779,1,2100.0
6,1065,59.2,0.779,1,2079.0
6,1080,59.3,0.779,1,2077.0
6,1095,58.5,0.779,1,2099.0
6,1110,58.2,0.779,1,2106.0
6,1125,58.5,0.779,1,2099.0
6,1140,58.2,0.779,1,2106.0
6,1155,59.1,0.779,1,2077.0
6,1170,59.8,0.779,1,2061.0
6,1185,59.8,0.779,1,2061.0
6,1200,60.4,0.779,1,2046.0
6,1215,60.5,0.779,1,2041.0
6,1230,60.8,0.779,1,2033.0
6,1245,61.1,0.779,1,2014.0
6,1260,61.3,0.779,1,2015.0
6,1275,61.4,0.779,1,2014.0
6,1290,61.5,0.779,1,2006.0
6,1305,61.8,0.779,1,1996.0
6,1320,62.4,0.779,1,1968.0
6,1335,63.0,0.779,1,1938.0
6,1350,62.8,0.779,1,1938.0
6,1365,63.0,0.779,1,1928.0
6,1380,63.4,0.779,1,1908.0
6,1395,63.2,0.779,1,1922.0
6,1410,62.9,0.779,1,1925.0
6,1425,63.2,0.779,1,1911.0
7,0,61.3,0.083,1,1990.0
7,15,60.3,0.083,1,2030.0
7,30,59.8,0.083,1,2045.0
7,45,60.1,0.083,1,2031.0
7,60,59.4,0.083,1,2031.0
7,75,59.0,0.083,1,2056.0
7,90,59.8,0.083,1,2042.0
7,105,58.7,0.083,1,2073.0
7,120,58.9,0.083,1,2069.0
7,135,60.2,0.083,1,2009.0
7,150,60.6,0.083,1,2010.0
7,165,60.0,0.083,1,2032.0
7,180,60.2,0.083,1,2041.0
7,195,61.2,0.083,1,2005.0
7,210,63.9,0.083,1,1843.0
7,225,63.9,0.083,1,1839.0
7,240,64.8,0.083,1,1791.0
7,255,67.2,0.083,1,1562.0
7,270,65.5,0.083,1,1750.0
7,285,66.0,0.083,1,1695.0
7,300,65.5,0.083,1,1750.0
7,315,64.6,0.083,1,1842.0
7,330,63.6,0.083,1,1885.0
7,345,60.9,0.083,1,2025.0
7,360,58.6,0.083,1,2055.0
7,375,55.8,0.083,1,2104.0
7,390,51.8,0.083,1,2129.0
7,405,49.5,0.083,1,2141.0
7,420,47.7,0.083,1,2095.0
7,435,46.8,0.083,1,2110.0
7,450,44.8,0.083,1,2109.0
7,465,43.8,0.083,1,2100.0
7,480,44.3,0.083,1,2094.0
7,495,48.0,0.083,1,2153.0
7,510,48.7,0.083,1,2158.0
7,525,49.1,0.083,1,2154.0
7,540,50.4,0.083,1,2164.0
7,555,52.6,0.083,1,2179.0
7,570,53.2,0.083,1,2170.0
7,585,53.6,0.083,1,2171.0
7,600,53.5,0.083,1,2142.0
7,615,53.5,0.083,1,2156.0
7,630,54.7,0.083,1,2150.0
7,645,55.0,0.083,1,2150.0
7,660,56.7,0.083,1,2128.0
7,675,56.8,0.083,1,2136.0
7,690,56.8,0.083,1,2126.0
7,705,56.2,0.083,1,2131.0
7,720,56.3,0.083,1,2130.0
7,735,56.4,0.083,1,2132.0
7,750,57.1,0.083,1,2121.0
7,765,56.5,0.083,1,2130.0
7,780,55.5,0.083,1,2140.0
7,795,55.7,0.083,1,2102.0
7,810,56.1,0.083,1,2138.0
7,825,56.8,0.083,1,2130.0
7,840,56.4,0.083,1,2135.0
7,855,55.1,0.083,1,2148.0
7,870,55.5,0.083,1,2139.0
7,885,56.4,0.083,1,2139.0
7,900,55.3,0.083,1,2132.0
7,915,54.6,0.083,1,2151.0
7,930,53.1,0.083,1,2122.0
7,945,53.9,0.083,1,2096.0
7,960,53.2,0.083,1,2119.0
7,975,55.6,0.083,1,2131.0
7,990,56.2,0.083,1,2146.0
7,1005,54.4,0.083,1,2156.0
7,1020,53.3,0.083,1,2168.0
7,1035,53.3,0.083,1,2172.0
7,1050,54.2,0.083,1,2170.0
7,1065,54.0,0.083,1,2172.0
7,1080,53.3,0.083,1,2178.0
7,1095,52.2,0.083,1,2167.0
7,1110,52.4,0.083,1,2170.0
7,1125,52.3,0.083,1,2166.0
7,1140,51.8,0.083,1,2172.0
7,1155,54.4,0.083,1,2153.0
7,1170,56.4,0.083,1,2139.0
7,1185,56.5,0.083,1,2138.0
7,1200,59.0,0.083,1,2090.0
7,1215,57.7,0.083,1,2114.0
7,1230,58.4,0.083,1,2102.0
7,1245,58.1,0.083,1,2103.0
7,1260,58.1,0.083,1,2106.0
7,1275,59.1,0.083,1,2080.0
7,1290,59.9,0.083,1,2060.0
7,1305,59.3,0.083,1,2074.0
7,1320,60.2,0.083,1,2049.0
7,1335,61.3,0.083,1,1993.0
7,1350,60.5,0.083,1,2013.0
7,1365,61.2,0.083,1,1981.0
7,1380,61.4,0.083,1,1992.0
7,1395,61.6,0.083,1,1990.0
7,1410,61.3,0.083,1,1987.0
7,1425,61.1,0.083,1,2004.0
8,0,65.5,0.053,1,1707.0
8,15,64.1,0.053,1,1844.0
8,30,63.2,0.053,1,1919.0
8,45,63.6,0.053,1,1861.0
8,60,63.1,0.053,1,1877.0
8,75,62.5,0.053,1,1931.0
8,90,62.6,0.053,1,1933.0
8,105,61.9,0.053,1,1952.0
8,120,62.4,0.053,1,1942.0
8,135,63.5,0.053,1,1847.0
8,150,63.1,0.053,1,1910.0
8,165,62.4,0.053,1,1914.0
8,180,62.6,0.053,1,1894.0
8,195,63.3,0.053,1,1898.0
8,210,66.6,0.053,1,1613.0
8,225,66.4,0.053,1,1651.0
8,240,67.2,0.053,1,1554.0
8,255,68.9,0.053,1,1348.0
8,270,68.3,0.053,1,1411.0
8,285,68.8,0.053,1,1346.0
8,300,68.1,0.053,1,1444.0
8,315,67.0,0.053,1,1607.0
8,330,66.0,0.053,1,1698.0
8,345,63.7,0.053,1,1890.0
8,360,63.2,0.053,1,1918.0
8,375,60.3,0.053,1,2013.0
8,390,57.2,0.053,1,2080.0
8,405,53.9,0.053,1,2136.0
8,420,51.8,0.053,1,2088.0
8,435,50.8,0.053,1,2096.0
8,450,51.2,0.053,1,2127.0
8,465,50.7,0.053,1,2171.0
8,480,51.5,0.053,1,2160.0
8,495,51.9,0.053,1,2163.0
8,510,52.7,0.053,1,2158.0
8,525,53.4,0.053,1,2173.0
8,540,55.0,0.053,1,2146.0
8,555,57.2,0.053,1,2112.0
8,570,59.0,0.053,1,2067.0
8,585,59.5,0.053,1,2071.0
8,600,60.3,0.053,1,2037.0
8,615,60.2,0.053,1,2032.0
8,630,61.5,0.053,1,2006.0
8,645,61.6,0.053,1,2005.0
8,660,63.0,0.053,1,1937.0
8,675,62.5,0.053,1,1961.0
8,690,63.0,0.053,1,1943.0
8,705,62.4,0.053,1,1953.0
8,720,62.9,0.053,1,1946.0
8,735,62.8,0.053,1,1942.0
8,750,63.0,0.053,1,1936.0
8,765,62.4,0.053,1,1956.0
8,780,62.7,0.053,1,1945.0
8,795,62.7,0.053,1,1951.0
8,810,62.2,0.053,1,1975.0
8,825,62.6,0.053,1,1952.0
8,840,62.0,0.053,1,1980.0
8,855,61.5,0.053,1,2007.0
8,870,61.7,0.053,1,1996.0
8,885,61.0,0.053,1,2025.0
8,900,60.8,0.053,1,2026.0
8,915,60.0,0.053,1,2058.0
8,930,60.4,0.053,1,2038.0
8,945,58.5,0.053,1,2041.0
8,960,57.6,0.053,1,2035.0
8,975,59.6,0.053,1,2053.0
8,990,59.9,0.053,1,2058.0
8,1005,57.9,0.053,1,2107.0
8,1020,57.1,0.053,1,2119.0
8,1035,56.7,0.053,1,2125.0
8,1050,56.7,0.053,1,2131.0
8,1065,56.6,0.053,1,2128.0
8,1080,56.9,0.053,1,2119.0
8,1095,57.3,0.053,1,2103.0
8,1110,58.0,0.053,1,2090.0
8,1125,58.8,0.053,1,2070.0
8,1140,59.2,0.053,1,2069.0
8,1155,61.1,0.053,1,2018.0
8,1170,61.7,0.053,1,1982.0
8,1185,61.3,0.053,1,2010.0
8,1200,63.1,0.053,1,1931.0
8,1215,62.4,0.053,1,1957.0
8,1230,63.3,0.053,1,1922.0
8,1245,63.2,0.053,1,1917.0
8,1260,63.1,0.053,1,1935.0
8,1275,63.8,0.053,1,1887.0
8,1290,64.3,0.053,1,1860.0
8,1305,63.8,0.053,1,1894.0
8,1320,64.9,0.053,1,1814.0
8,1335,65.8,0.053,1,1725.0
8,1350,64.6,0.053,1,1820.0
8,1365,65.4,0.053,1,1771.0
8,1380,65.1,0.053,1,1785.0
8,1395,65.4,0.053,1,1751.0
8,1410,65.1,0.053,1,1757.0
8,1425,64.8,0.053,1,1799.0
9,0,64.8,0.344,1,1786.0
9,15,63.2,0.344,1,1917.0
9,30,62.2,0.344,1,1956.0
9,45,62.5,0.344,1,1919.0
9,60,62.0,0.344,1,1940.0
9,75,61.0,0.344,1,1991.0
9,90,61.6,0.344,1,1981.0
9,105,61.1,0.344,1,1960.0
9,120,61.2,0.344,1,1972.0
9,135,62.4,0.344,1,1938.0
9,150,61.5,0.344,1,1991.0
9,165,61.5,0.344,1,1974.0
9,180,62.3,0.344,1,1915.0
9,195,63.0,0.344,1,1927.0
9,210,65.7,0.344,1,1697.0
9,225,66.5,0.344,1,1648.0
9,240,65.6,0.344,1,1697.0
9,255,68.6,0.344,1,1408.0
9,270,67.4,0.344,1,1541.0
9,285,67.9,0.344,1,1472.0
9,300,67.2,0.344,1,1585.0
9,315,65.5,0.344,1,1751.0
9,330,63.6,0.344,1,1886.0
9,345,60.6,0.344,1,2032.0
9,360,59.9,0.344,1,2058.0
9,375,56.8,0.344,1,2116.0
9,390,51.1,0.344,1,2131.0
9,405,42.3,0.344,1,2091.0
9,420,40.4,0.344,1,2034.0
9,435,39.6,0.344,1,2019.0
9,450,34.8,0.344,1,1935.0
9,465,30.2,0.344,1,1880.0
9,480,31.0,0.344,1,1887.0
9,495,31.6,0.344,1,1900.0
9,510,30.5,0.344,1,1893.0
9,525,33.5,0.344,1,1966.0
9,540,42.0,0.344,1,2077.0
9,555,47.1,0.344,1,2093.0
9,570,52.1,0.344,1,2118.0
9,585,56.2,0.344,1,2121.0
9,600,57.9,0.344,1,2093.0
9,615,58.8,0.344,1,2094.0
9,630,60.0,0.344,1,2056.0
9,645,59.5,0.344,1,2077.0
9,660,60.6,0.344,1,2036.0
9,675,60.3,0.344,1,2047.0
9,690,59.7,0.344,1,2045.0
9,705,58.8,0.344,1,2030.0
9,720,60.5,0.344,1,2043.0
9,735,60.3,0.344,1,2048.0
9,750,60.7,0.344,1,2031.0
9,765,59.9,0.344,1,2057.0
9,780,61.0,0.344,1,2026.0
9,795,60.1,0.344,1,2058.0
9,810,60.3,0.344,1,2049.0
9,825,60.5,0.344,1,2042.0
9,840,60.5,0.344,1,2047.0
9,855,59.4,0.344,1,2079.0
9,870,59.0,0.344,1,2086.0
9,885,58.4,0.344,1,2102.0
9,900,56.7,0.344,1,2109.0
9,915,55.9,0.344,1,2141.0
9,930,57.0,0.344,1,2127.0
9,945,54.3,0.344,1,2128.0
9,960,53.0,0.344,1,2097.0
9,975,53.5,0.344,1,2133.0
9,990,53.9,0.344,1,2142.0
9,1005,51.5,0.344,1,2145.0
9,1020,49.0,0.344,1,2110.0
9,1035,43.6,0.344,1,1979.0
9,1050,41.0,0.344,1,1937.0
9,1065,37.9,0.344,1,1868.0
9,1080,40.2,0.344,1,1921.0
9,1095,44.4,0.344,1,1991.0
9,1110,51.1,0.344,1,2069.0
9,1125,54.1,0.344,1,2082.0
9,1140,57.8,0.344,1,2106.0
9,1155,59.9,0.344,1,2058.0
9,1170,59.9,0.344,1,2060.0
9,1185,60.8,0.344,1,2028.0
9,1200,62.5,0.344,1,1940.0
9,1215,62.0,0.344,1,1979.0
9,1230,62.9,0.344,1,1940.0
9,1245,62.2,0.344,1,1974.0
9,1260,62.2,0.344,1,1972.0
9,1275,62.4,0.344,1,1961.0
9,1290,63.7,0.344,1,1893.0
9,1305,63.0,0.344,1,1933.0
9,1320,63.7,0.344,1,1894.0
9,1335,63.6,0.344,1,1893.0
9,1350,63.1,0.344,1,1921.0
9,1365,64.5,0.344,1,1839.0
9,1380,64.2,0.344,1,1853.0
9,1395,64.2,0.344,1,1855.0
9,1410,63.5,0.344,1,1894.0
9,1425,63.8,0.344,1,1877.0
10,0,46.9,0.081,1,2173.0
10,15,46.4,0.081,1,2177.0
10,30,46.2,0.081,1,2182.0
10,45,48.3,0.081,1,2189.0
10,60,48.2,0.081,1,2191.0
10,75,47.5,0.081,1,2189.0
10,90,48.1,0.081,1,2192.0
10,105,48.2,0.081,1,2185.0
10,120,48.3,0.081,1,2190.0
10,135,49.6,0.081,1,2185.0
10,150,49.9,0.081,1,2172.0
10,165,48.2,0.081,1,2184.0
10,180,47.6,0.081,1,2187.0
10,195,49.4,0.081,1,2186.0
10,210,50.7,0.081,1,2185.0
10,225,49.9,0.081,1,2192.0
10,240,50.3,0.081,1,2193.0
10,255,51.8,0.081,1,2188.0
10,270,52.4,0.081,1,2175.0
10,285,52.1,0.081,1,2147.0
10,300,52.0,0.081,1,2125.0
10,315,49.4,0.081,1,2137.0
10,330,44.5,0.081,1,2099.0
10,345,42.9,0.081,1,2087.0
10,360,40.9,0.081,1,2079.0
10,375,35.0,0.081,1,1992.0
10,390,33.6,0.081,1,1951.0
10,405,30.6,0.081,1,1877.0
10,420,29.9,0.081,1,1851.0
10,435,23.6,0.081,1,1673.0
10,450,17.5,0.081,1,1437.0
10,465,16.1,0.081,1,1367.0
10,480,14.6,0.081,1,1318.0
10,495,14.0,0.081,1,1308.0
10,510,13.3,0.081,1,1273.0
10,525,14.2,0.081,1,1310.0
10,540,17.4,0.081,1,1398.0
10,555,21.0,0.081,1,1523.0
10,570,25.3,0.081,1,1683.0
10,585,29.3,0.081,1,1809.0
10,600,33.4,0.081,1,1936.0
10,615,32.4,0.081,1,1946.0
10,630,33.1,0.081,1,1965.0
10,645,32.5,0.081,1,1940.0
10,660,35.2,0.081,1,2005.0
10,675,35.8,0.081,1,2025.0
10,690,31.7,0.081,1,1920.0
10,705,29.6,0.081,1,1847.0
10,720,31.3,0.081,1,1882.0
10,735,30.6,0.081,1,1865.0
10,750,29.2,0.081,1,1840.0
10,765,31.9,0.081,1,1895.0
10,780,31.7,0.081,1,1924.0
10,795,27.2,0.081,1,1807.0
10,810,29.0,0.081,1,1841.0
10,825,31.4,0.081,1,1902.0
10,840,26.6,0.081,1,1776.0
10,855,17.8,0.081,1,1487.0
10,870,14.8,0.081,1,1358.0
10,885,12.7,0.081,1,1276.0
10,900,12.8,0.081,1,1294.0
10,915,9.8,0.081,1,1153.0
10,930,10.5,0.081,1,1174.0
10,945,10.7,0.081,1,1175.0
10,960,9.5,0.081,1,1123.0
10,975,9.8,0.081,1,1138.0
10,990,10.8,0.081,1,1187.0
10,1005,9.8,0.081,1,1146.0
10,1020,11.0,0.081,1,1188.0
10,1035,9.4,0.081,1,1125.0
10,1050,9.5,0.081,1,1129.0
10,1065,10.0,0.081,1,1145.0
10,1080,12.0,0.081,1,1244.0
10,1095,12.1,0.081,1,1248.0
10,1110,12.5,0.081,1,1265.0
10,1125,16.6,0.081,1,1405.0
10,1140,18.8,0.081,1,1471.0
10,1155,19.9,0.081,1,1529.0
10,1170,22.9,0.081,1,1622.0
10,1185,27.3,0.081,1,1754.0
10,1200,34.3,0.081,1,1938.0
10,1215,36.4,0.081,1,2000.0
10,1230,39.4,0.081,1,2089.0
10,1245,41.9,0.081,1,2138.0
10,1260,41.4,0.081,1,2109.0
10,1275,39.6,0.081,1,2071.0
10,1290,40.3,0.081,1,2088.0
10,1305,42.8,0.081,1,2129.0
10,1320,42.7,0.081,1,2120.0
10,1335,44.1,0.081,1,2133.0
10,1350,44.6,0.081,1,2135.0
10,1365,44.7,0.081,1,2141.0
10,1380,44.9,0.081,1,2141.0
10,1395,45.5,0.081,1,2149.0
10,1410,47.4,0.081,1,2178.0
10,1425,47.2,0.081,1,2169.0
11,0,58.4,0.095,1,2098.0
11,15,57.5,0.095,1,2114.0
11,30,57.1,0.095,1,2122.0
11,45,57.6,0.095,1,2116.0
11,60,56.7,0.095,1,2123.0
11,75,56.3,0.095,1,2110.0
11,90,56.1,0.095,1,2138.0
11,105,56.4,0.095,1,2118.0
11,120,56.3,0.095,1,2123.0
11,135,57.7,0.095,1,2109.0
11,150,58.3,0.095,1,2084.0
11,165,56.8,0.095,1,2127.0
11,180,56.2,0.095,1,2126.0
11,195,56.7,0.095,1,2114.0
11,210,59.4,0.095,1,2063.0
11,225,60.4,0.095,1,2022.0
11,240,60.6,0.095,1,2019.0
11,255,62.1,0.095,1,1964.0
11,270,62.3,0.095,1,1956.0
11,285,63.0,0.095,1,1913.0
11,300,61.2,0.095,1,1919.0
11,315,60.9,0.095,1,2006.0
11,330,59.9,0.095,1,2051.0
11,345,55.2,0.095,1,2044.0
11,360,54.0,0.095,1,2076.0
11,375,54.6,0.095,1,2092.0
11,390,52.9,0.095,1,2112.0
11,405,52.3,0.095,1,2114.0
11,420,52.5,0.095,1,2126.0
11,435,52.0,0.095,1,2135.0
11,450,49.2,0.095,1,2180.0
11,465,49.6,0.095,1,2175.0
11,480,47.2,0.095,1,2143.0
11,495,39.0,0.095,1,1958.0
11,510,37.4,0.095,1,1903.0
11,525,37.2,0.095,1,1861.0
11,540,42.6,0.095,1,1942.0
11,555,47.4,0.095,1,1982.0
11,570,47.7,0.095,1,2004.0
11,585,53.1,0.095,1,2081.0
11,600,56.3,0.095,1,2109.0
11,615,57.2,0.095,1,2129.0
11,630,56.3,0.095,1,2123.0
11,645,56.3,0.095,1,2130.0
11,660,56.0,0.095,1,2093.0
11,675,56.0,0.095,1,2067.0
11,690,57.1,0.095,1,2077.0
11,705,57.4,0.095,1,2117.0
11,720,56.6,0.095,1,2110.0
11,735,56.3,0.095,1,2092.0
11,750,56.7,0.095,1,2083.0
11,765,56.9,0.095,1,2058.0
11,780,56.4,0.095,1,2088.0
11,795,57.0,0.095,1,2089.0
11,810,58.1,0.095,1,2110.0
11,825,58.3,0.095,1,2100.0
11,840,58.4,0.095,1,2103.0
11,855,57.0,0.095,1,2126.0
11,870,57.4,0.095,1,2121.0
11,885,57.9,0.095,1,2114.0
11,900,57.7,0.095,1,2122.0
11,915,56.8,0.095,1,2138.0
11,930,58.2,0.095,1,2108.0
11,945,57.4,0.095,1,2123.0
11,960,56.9,0.095,1,2122.0
11,975,55.4,0.095,1,2111.0
11,990,55.1,0.095,1,2083.0
11,1005,54.1,0.095,1,2087.0
11,1020,54.6,0.095,1,2096.0
11,1035,54.8,0.095,1,2100.0
11,1050,54.3,0.095,1,2130.0
11,1065,55.6,0.095,1,2143.0
11,1080,55.9,0.095,1,2146.0
11,1095,55.3,0.095,1,2152.0
11,1110,54.3,0.095,1,2143.0
11,1125,53.1,0.095,1,2149.0
11,1140,53.8,0.095,1,2156.0
11,1155,52.0,0.095,1,2130.0
11,1170,53.3,0.095,1,2116.0
11,1185,55.2,0.095,1,2142.0
11,1200,57.1,0.095,1,2130.0
11,1215,56.6,0.095,1,2142.0
11,1230,56.9,0.095,1,2133.0
11,1245,56.9,0.095,1,2135.0
11,1260,56.9,0.095,1,2133.0
11,1275,57.4,0.095,1,2123.0
11,1290,57.6,0.095,1,2121.0
11,1305,57.7,0.095,1,2121.0
11,1320,57.8,0.095,1,2119.0
11,1335,57.3,0.095,1,2121.0
11,1350,57.8,0.095,1,2117.0
11,1365,57.5,0.095,1,2125.0
11,1380,58.3,0.095,1,2103.0
11,1395,58.6,0.095,1,2097.0
11,1410,58.7,0.095,1,2083.0
11,1425,58.3,0.095,1,2100.0
12,0,46.2,0.162,1,2178.0
12,15,45.5,0.162,1,2177.0
12,30,46.3,0.162,1,2181.0
12,45,47.8,0.162,1,2187.0
12,60,47.4,0.162,1,2186.0
12,75,47.7,0.162,1,2185.0
12,90,47.9,0.162,1,2192.0
12,105,47.6,0.162,1,2188.0
12,120,47.8,0.162,1,2191.0
12,135,49.3,0.162,1,2185.0
12,150,49.9,0.162,1,2175.0
12,165,48.4,0.162,1,2183.0
12,180,47.3,0.162,1,2180.0
12,195,49.4,0.162,1,2186.0
12,210,50.7,0.162,1,2186.0
12,225,50.1,0.162,1,2189.0
12,240,50.8,0.162,1,2187.0
12,255,51.7,0.162,1,2189.0
12,270,51.2,0.162,1,2170.0
12,285,50.7,0.162,1,2140.0
12,300,50.3,0.162,1,2136.0
12,315,46.3,0.162,1,2136.0
12,330,42.4,0.162,1,2085.0
12,345,39.7,0.162,1,2062.0
12,360,37.0,0.162,1,2035.0
12,375,30.0,0.162,1,1903.0
12,390,28.9,0.162,1,1851.0
12,405,25.9,0.162,1,1761.0
12,420,25.6,0.162,1,1752.0
12,435,20.0,0.162,1,1574.0
12,450,16.5,0.162,1,1425.0
12,465,15.6,0.162,1,1391.0
12,480,14.2,0.162,1,1338.0
12,495,14.0,0.162,1,1341.0
12,510,13.9,0.162,1,1333.0
12,525,14.2,0.162,1,1350.0
12,540,17.3,0.162,1,1444.0
12,555,20.0,0.162,1,1544.0
12,570,22.2,0.162,1,1635.0
12,585,25.8,0.162,1,1759.0
12,600,29.1,0.162,1,1868.0
12,615,28.1,0.162,1,1856.0
12,630,28.7,0.162,1,1875.0
12,645,28.6,0.162,1,1871.0
12,660,30.9,0.162,1,1931.0
12,675,31.3,0.162,1,1947.0
12,690,27.4,0.162,1,1834.0
12,705,25.4,0.162,1,1765.0
12,720,27.9,0.162,1,1832.0
12,735,26.7,0.162,1,1806.0
12,750,25.2,0.162,1,1761.0
12,765,28.6,0.162,1,1850.0
12,780,27.3,0.162,1,1837.0
12,795,23.7,0.162,1,1727.0
12,810,24.7,0.162,1,1754.0
12,825,26.9,0.162,1,1812.0
12,840,22.9,0.162,1,1692.0
12,855,16.1,0.162,1,1451.0
12,870,13.8,0.162,1,1342.0
12,885,11.8,0.162,1,1253.0
12,900,11.8,0.162,1,1266.0
12,915,9.8,0.162,1,1154.0
12,930,10.0,0.162,1,1164.0
12,945,10.1,0.162,1,1165.0
12,960,9.3,0.162,1,1123.0
12,975,9.9,0.162,1,1153.0
12,990,10.8,0.162,1,1197.0
12,1005,10.1,0.162,1,1167.0
12,1020,11.0,0.162,1,1206.0
12,1035,9.9,0.162,1,1160.0
12,1050,9.5,0.162,1,1138.0
12,1065,10.5,0.162,1,1185.0
12,1080,12.5,0.162,1,1278.0
12,1095,13.3,0.162,1,1302.0
12,1110,13.7,0.162,1,1328.0
12,1125,16.4,0.162,1,1423.0
12,1140,18.6,0.162,1,1500.0
12,1155,18.4,0.162,1,1511.0
12,1170,21.7,0.162,1,1609.0
12,1185,24.9,0.162,1,1709.0
12,1200,31.1,0.162,1,1887.0
12,1215,33.6,0.162,1,1955.0
12,1230,36.5,0.162,1,2043.0
12,1245,37.9,0.162,1,2076.0
12,1260,38.0,0.162,1,2062.0
12,1275,36.7,0.162,1,2031.0
12,1290,37.8,0.162,1,2062.0
12,1305,40.3,0.162,1,2105.0
12,1320,39.8,0.162,1,2079.0
12,1335,41.3,0.162,1,2111.0
12,1350,42.0,0.162,1,2119.0
12,1365,42.2,0.162,1,2120.0
12,1380,42.5,0.162,1,2122.0
12,1395,43.5,0.162,1,2130.0
12,1410,45.7,0.162,1,2152.0
12,1425,45.8,0.162,1,2168.0
13,0,47.6,0.139,1,2183.0
13,15,46.6,0.139,1,2184.0
13,30,46.8,0.139,1,2184.0
13,45,48.3,0.139,1,2183.0
13,60,48.3,0.139,1,2187.0
13,75,48.6,0.139,1,2189.0
13,90,48.8,0.139,1,2192.0
13,105,48.8,0.139,1,2188.0
13,120,48.8,0.139,1,2186.0
13,135,50.6,0.139,1,2187.0
13,150,50.7,0.139,1,2160.0
13,165,48.5,0.139,1,2179.0
13,180,48.5,0.139,1,2185.0
13,195,49.8,0.139,1,2180.0
13,210,51.1,0.139,1,2184.0
13,225,50.1,0.139,1,2193.0
13,240,50.9,0.139,1,2189.0
13,255,51.6,0.139,1,2189.0
13,270,53.5,0.139,1,2171.0
13,285,53.7,0.139,1,2156.0
13,300,53.9,0.139,1,2131.0
13,315,51.1,0.139,1,2134.0
13,330,46.5,0.139,1,2131.0
13,345,45.2,0.139,1,2106.0
13,360,43.7,0.139,1,2114.0
13,375,39.4,0.139,1,2061.0
13,390,38.0,0.139,1,2034.0
13,405,35.9,0.139,1,2003.0
13,420,34.2,0.139,1,1952.0
13,435,29.4,0.139,1,1848.0
13,450,21.5,0.139,1,1594.0
13,465,18.1,0.139,1,1447.0
13,480,17.3,0.139,1,1412.0
13,495,16.2,0.139,1,1387.0
13,510,14.6,0.139,1,1305.0
13,525,15.2,0.139,1,1332.0
13,540,18.6,0.139,1,1423.0
13,555,23.3,0.139,1,1575.0
13,570,29.0,0.139,1,1750.0
13,585,33.4,0.139,1,1881.0
13,600,37.4,0.139,1,1997.0
13,615,37.5,0.139,1,2038.0
13,630,37.8,0.139,1,2045.0
13,645,37.8,0.139,1,2030.0
13,660,39.7,0.139,1,2062.0
13,675,40.9,0.139,1,2097.0
13,690,37.7,0.139,1,2039.0
13,705,35.5,0.139,1,1970.0
13,720,36.4,0.139,1,1979.0
13,735,36.2,0.139,1,1969.0
13,750,34.9,0.139,1,1943.0
13,765,35.5,0.139,1,1941.0
13,780,36.9,0.139,1,2006.0
13,795,33.0,0.139,1,1939.0
13,810,33.7,0.139,1,1934.0
13,825,36.6,0.139,1,1996.0
13,840,32.2,0.139,1,1900.0
13,855,22.3,0.139,1,1616.0
13,870,18.5,0.139,1,1476.0
13,885,16.6,0.139,1,1402.0
13,900,16.3,0.139,1,1412.0
13,915,12.6,0.139,1,1267.0
13,930,12.4,0.139,1,1241.0
13,945,13.8,0.139,1,1293.0
13,960,11.0,0.139,1,1193.0
13,975,11.0,0.139,1,1189.0
13,990,11.8,0.139,1,1224.0
13,1005,11.9,0.139,1,1221.0
13,1020,11.8,0.139,1,1205.0
13,1035,10.0,0.139,1,1147.0
13,1050,10.4,0.139,1,1159.0
13,1065,11.2,0.139,1,1177.0
13,1080,13.2,0.139,1,1285.0
13,1095,12.9,0.139,1,1282.0
13,1110,13.6,0.139,1,1296.0
13,1125,18.2,0.139,1,1445.0
13,1140,20.3,0.139,1,1497.0
13,1155,22.9,0.139,1,1590.0
13,1170,26.1,0.139,1,1696.0
13,1185,31.7,0.139,1,1855.0
13,1200,37.6,0.139,1,1989.0
13,1215,39.4,0.139,1,2054.0
13,1230,42.2,0.139,1,2124.0
13,1245,45.0,0.139,1,2173.0
13,1260,45.0,0.139,1,2156.0
13,1275,42.8,0.139,1,2118.0
13,1290,43.7,0.139,1,2126.0
13,1305,44.6,0.139,1,2137.0
13,1320,45.1,0.139,1,2144.0
13,1335,45.5,0.139,1,2141.0
13,1350,46.1,0.139,1,2148.0
13,1365,46.8,0.139,1,2156.0
13,1380,46.7,0.139,1,2161.0
13,1395,47.3,0.139,1,2174.0
13,1410,48.7,0.139,1,2193.0
13,1425,48.2,0.139,1,2186.0
14,0,58.4,0.932,1,2098.0
14,15,57.3,0.932,1,2120.0
14,30,56.3,0.932,1,2139.0
14,45,57.1,0.932,1,2129.0
14,60,56.4,0.932,1,2136.0
14,75,55.8,0.932,1,2139.0
14,90,56.4,0.932,1,2140.0
14,105,56.6,0.932,1,2118.0
14,120,56.3,0.932,1,2122.0
14,135,57.3,0.932,1,2112.0
14,150,57.7,0.932,1,2108.0
14,165,56.4,0.932,1,2135.0
14,180,56.1,0.932,1,2137.0
14,195,56.6,0.932,1,2129.0
14,210,59.2,0.932,1,2072.0
14,225,60.0,0.932,1,2041.0
14,240,60.6,0.932,1,2030.0
14,255,62.3,0.932,1,1967.0
14,270,62.4,0.932,1,1969.0
14,285,63.4,0.932,1,1914.0
14,300,62.4,0.932,1,1954.0
14,315,61.5,0.932,1,2010.0
14,330,60.5,0.932,1,2042.0
14,345,58.2,0.932,1,2080.0
14,360,57.2,0.932,1,2112.0
14,375,55.7,0.932,1,2126.0
14,390,54.6,0.932,1,2133.0
14,405,54.0,0.932,1,2140.0
14,420,53.0,0.932,1,2144.0
14,435,52.9,0.932,1,2158.0
14,450,52.2,0.932,1,2184.0
14,465,52.0,0.932,1,2189.0
14,480,50.9,0.932,1,2182.0
14,495,48.3,0.932,1,2164.0
14,510,49.5,0.932,1,2152.0
14,525,49.2,0.932,1,2131.0
14,540,50.0,0.932,1,2126.0
14,555,51.2,0.932,1,2119.0
14,570,51.9,0.932,1,2119.0
14,585,54.2,0.932,1,2108.0
14,600,56.8,0.932,1,2130.0
14,615,57.0,0.932,1,2136.0
14,630,57.1,0.932,1,2132.0
14,645,57.0,0.932,1,2136.0
14,660,57.4,0.932,1,2124.0
14,675,56.8,0.932,1,2121.0
14,690,58.3,0.932,1,2105.0
14,705,58.1,0.932,1,2113.0
14,720,57.9,0.932,1,2117.0
14,735,58.1,0.932,1,2112.0
14,750,58.3,0.932,1,2105.0
14,765,58.4,0.932,1,2100.0
14,780,57.5,0.932,1,2120.0
14,795,58.3,0.932,1,2106.0
14,810,58.3,0.932,1,2111.0
14,825,58.6,0.932,1,2102.0
14,840,58.2,0.932,1,2114.0
14,855,57.6,0.932,1,2123.0
14,870,58.3,0.932,1,2107.0
14,885,58.2,0.932,1,2110.0
14,900,57.6,0.932,1,2124.0
14,915,57.2,0.932,1,2131.0
14,930,57.9,0.932,1,2117.0
14,945,57.9,0.932,1,2116.0
14,960,57.6,0.932,1,2123.0
14,975,56.3,0.932,1,2138.0
14,990,55.7,0.932,1,2117.0
14,1005,55.3,0.932,1,2114.0
14,1020,55.9,0.932,1,2117.0
14,1035,56.2,0.932,1,2133.0
14,1050,56.0,0.932,1,2149.0
14,1065,56.5,0.932,1,2143.0
14,1080,56.4,0.932,1,2146.0
14,1095,56.0,0.932,1,2150.0
14,1110,56.1,0.932,1,2150.0
14,1125,55.5,0.932,1,2156.0
14,1140,54.7,0.932,1,2167.0
14,1155,55.1,0.932,1,2158.0
14,1170,56.1,0.932,1,2147.0
14,1185,55.9,0.932,1,2149.0
14,1200,56.8,0.932,1,2138.0
14,1215,56.8,0.932,1,2137.0
14,1230,57.1,0.932,1,2128.0
14,1245,57.6,0.932,1,2121.0
14,1260,57.3,0.932,1,2128.0
14,1275,57.9,0.932,1,2116.0
14,1290,57.3,0.932,1,2128.0
14,1305,57.2,0.932,1,2131.0
14,1320,57.9,0.932,1,2117.0
14,1335,57.6,0.932,1,2120.0
14,1350,57.8,0.932,1,2116.0
14,1365,57.8,0.932,1,2117.0
14,1380,58.6,0.932,1,2101.0
14,1395,58.5,0.932,1,2095.0
14,1410,58.6,0.932,1,2094.0
14,1425,58.3,0.932,1,2100.0
15,0,53.3,0.197,1,2178.0
15,15,52.0,0.197,1,2180.0
15,30,52.8,0.197,1,2175.0
15,45,54.4,0.197,1,2158.0
15,60,53.6,0.197,1,2151.0
15,75,52.7,0.197,1,2165.0
15,90,52.3,0.197,1,2176.0
15,105,52.6,0.197,1,2168.0
15,120,52.3,0.197,1,2174.0
15,135,54.5,0.197,1,2154.0
15,150,54.8,0.197,1,2137.0
15,165,53.2,0.197,1,2165.0
15,180,52.7,0.197,1,2180.0
15,195,52.7,0.197,1,2165.0
15,210,55.4,0.197,1,2127.0
15,225,56.2,0.197,1,2136.0
15,240,56.0,0.197,1,2135.0
15,255,56.5,0.197,1,2136.0
15,270,58.4,0.197,1,2095.0
15,285,58.7,0.197,1,2085.0
15,300,58.7,0.197,1,2077.0
15,315,55.3,0.197,1,2111.0
15,330,51.8,0.197,1,2112.0
15,345,50.1,0.197,1,2083.0
15,360,48.4,0.197,1,2096.0
15,375,47.4,0.197,1,2146.0
15,390,45.5,0.197,1,2125.0
15,405,44.3,0.197,1,2129.0
15,420,43.8,0.197,1,2115.0
15,435,40.5,0.197,1,2078.0
15,450,31.9,0.197,1,1886.0
15,465,23.3,0.197,1,1601.0
15,480,22.2,0.197,1,1554.0
15,495,20.1,0.197,1,1456.0
15,510,19.1,0.197,1,1412.0
15,525,20.0,0.197,1,1435.0
15,540,23.5,0.197,1,1524.0
15,555,29.7,0.197,1,1713.0
15,570,37.6,0.197,1,1901.0
15,585,40.9,0.197,1,1963.0
15,600,45.2,0.197,1,2079.0
15,615,47.9,0.197,1,2181.0
15,630,46.9,0.197,1,2134.0
15,645,46.6,0.197,1,2128.0
15,660,48.0,0.197,1,2127.0
15,675,48.5,0.197,1,2134.0
15,690,47.6,0.197,1,2127.0
15,705,46.0,0.197,1,2062.0
15,720,46.2,0.197,1,2064.0
15,735,47.0,0.197,1,2061.0
15,750,46.5,0.197,1,2075.0
15,765,46.4,0.197,1,2073.0
15,780,47.6,0.197,1,2114.0
15,795,46.0,0.197,1,2123.0
15,810,45.5,0.197,1,2080.0
15,825,47.8,0.197,1,2143.0
15,840,46.1,0.197,1,2131.0
15,855,37.6,0.197,1,1977.0
15,870,33.7,0.197,1,1877.0
15,885,31.3,0.197,1,1829.0
15,900,30.4,0.197,1,1825.0
15,915,25.7,0.197,1,1681.0
15,930,23.3,0.197,1,1578.0
15,945,26.4,0.197,1,1663.0
15,960,21.2,0.197,1,1551.0
15,975,20.1,0.197,1,1486.0
15,990,22.5,0.197,1,1584.0
15,1005,25.4,0.197,1,1626.0
15,1020,23.0,0.197,1,1587.0
15,1035,18.7,0.197,1,1464.0
15,1050,17.2,0.197,1,1393.0
15,1065,20.0,0.197,1,1500.0
15,1080,24.9,0.197,1,1674.0
15,1095,25.0,0.197,1,1671.0
15,1110,25.7,0.197,1,1676.0
15,1125,28.3,0.197,1,1712.0
15,1140,29.3,0.197,1,1738.0
15,1155,30.3,0.197,1,1745.0
15,1170,35.5,0.197,1,1910.0
15,1185,40.8,0.197,1,2006.0
15,1200,46.4,0.197,1,2103.0
15,1215,48.4,0.197,1,2137.0
15,1230,49.9,0.197,1,2163.0
15,1245,51.3,0.197,1,2188.0
15,1260,52.1,0.197,1,2186.0
15,1275,50.8,0.197,1,2169.0
15,1290,50.8,0.197,1,2172.0
15,1305,50.8,0.197,1,2153.0
15,1320,51.5,0.197,1,2168.0
15,1335,51.5,0.197,1,2167.0
15,1350,51.2,0.197,1,2171.0
15,1365,52.8,0.197,1,2178.0
15,1380,53.2,0.197,1,2173.0
15,1395,53.4,0.197,1,2177.0
15,1410,53.8,0.197,1,2171.0
15,1425,53.6,0.197,1,2173.0
16,0,64.3,0.601,1,1803.0
16,15,63.1,0.601,1,1913.0
16,30,62.4,0.601,1,1953.0
16,45,63.0,0.601,1,1909.0
16,60,62.4,0.601,1,1903.0
16,75,61.9,0.601,1,1952.0
16,90,62.6,0.601,1,1930.0
16,105,61.2,0.601,1,1985.0
16,120,61.3,0.601,1,1995.0
16,135,62.6,0.601,1,1914.0
16,150,63.0,0.601,1,1909.0
16,165,62.3,0.601,1,1929.0
16,180,62.5,0.601,1,1919.0
16,195,63.3,0.601,1,1898.0
16,210,66.0,0.601,1,1671.0
16,225,66.1,0.601,1,1672.0
16,240,66.8,0.601,1,1595.0
16,255,68.4,0.601,1,1380.0
16,270,67.8,0.601,1,1502.0
16,285,68.2,0.601,1,1421.0
16,300,67.7,0.601,1,1497.0
16,315,66.6,0.601,1,1666.0
16,330,65.9,0.601,1,1710.0
16,345,63.9,0.601,1,1880.0
16,360,62.3,0.601,1,1940.0
16,375,59.8,0.601,1,1989.0
16,390,56.5,0.601,1,2061.0
16,405,53.8,0.601,1,2105.0
16,420,51.4,0.601,1,2047.0
16,435,51.3,0.601,1,2067.0
16,450,50.1,0.601,1,2090.0
16,465,49.8,0.601,1,2128.0
16,480,50.3,0.601,1,2123.0
16,495,52.9,0.601,1,2129.0
16,510,53.7,0.601,1,2139.0
16,525,54.3,0.601,1,2144.0
16,540,55.7,0.601,1,2122.0
16,555,58.1,0.601,1,2099.0
16,570,59.0,0.601,1,2078.0
16,585,59.5,0.601,1,2070.0
16,600,58.7,0.601,1,2047.0
16,615,58.8,0.601,1,2047.0
16,630,60.8,0.601,1,2020.0
16,645,61.0,0.601,1,2020.0
16,660,62.3,0.601,1,1967.0
16,675,62.2,0.601,1,1979.0
16,690,62.7,0.601,1,1955.0
16,705,62.0,0.601,1,1980.0
16,720,62.5,0.601,1,1966.0
16,735,62.1,0.601,1,1976.0
16,750,62.9,0.601,1,1942.0
16,765,62.5,0.601,1,1962.0
16,780,61.9,0.601,1,1984.0
16,795,61.8,0.601,1,1964.0
16,810,62.1,0.601,1,1979.0
16,825,62.4,0.601,1,1964.0
16,840,61.7,0.601,1,1992.0
16,855,61.2,0.601,1,2013.0
16,870,61.6,0.601,1,1998.0
16,885,61.2,0.601,1,2014.0
16,900,61.0,0.601,1,2019.0
16,915,60.5,0.601,1,2040.0
16,930,59.6,0.601,1,2011.0
16,945,58.1,0.601,1,1990.0
16,960,58.0,0.601,1,2015.0
16,975,59.7,0.601,1,2025.0
16,990,61.1,0.601,1,2022.0
16,1005,59.5,0.601,1,2070.0
16,1020,58.8,0.601,1,2076.0
16,1035,58.6,0.601,1,2089.0
16,1050,58.9,0.601,1,2091.0
16,1065,58.7,0.601,1,2093.0
16,1080,58.4,0.601,1,2101.0
16,1095,58.1,0.601,1,2091.0
16,1110,58.2,0.601,1,2089.0
16,1125,58.4,0.601,1,2083.0
16,1140,58.6,0.601,1,2078.0
16,1155,60.5,0.601,1,2030.0
16,1170,61.5,0.601,1,1997.0
16,1185,61.4,0.601,1,2005.0
16,1200,62.9,0.601,1,1943.0
16,1215,62.1,0.601,1,1971.0
16,1230,63.0,0.601,1,1940.0
16,1245,62.8,0.601,1,1934.0
16,1260,62.6,0.601,1,1955.0
16,1275,63.5,0.601,1,1904.0
16,1290,64.0,0.601,1,1879.0
16,1305,63.6,0.601,1,1901.0
16,1320,64.5,0.601,1,1841.0
16,1335,65.5,0.601,1,1760.0
16,1350,64.2,0.601,1,1840.0
16,1365,65.0,0.601,1,1789.0
16,1380,64.5,0.601,1,1841.0
16,1395,64.9,0.601,1,1783.0
16,1410,64.7,0.601,1,1796.0
16,1425,64.3,0.601,1,1836.0
17,0,60.2,0.392,1,2039.0
17,15,59.0,0.392,1,2073.0
17,30,58.7,0.392,1,2073.0
17,45,59.3,0.392,1,2057.0
17,60,58.6,0.392,1,2059.0
17,75,58.0,0.392,1,2090.0
17,90,58.5,0.392,1,2088.0
17,105,58.8,0.392,1,2063.0
17,120,58.9,0.392,1,2066.0
17,135,59.8,0.392,1,2025.0
17,150,59.3,0.392,1,2050.0
17,165,58.7,0.392,1,2075.0
17,180,58.9,0.392,1,2078.0
17,195,60.4,0.392,1,2041.0
17,210,63.2,0.392,1,1897.0
17,225,63.6,0.392,1,1883.0
17,240,64.5,0.392,1,1805.0
17,255,66.4,0.392,1,1666.0
17,270,64.9,0.392,1,1815.0
17,285,65.1,0.392,1,1795.0
17,300,64.7,0.392,1,1828.0
17,315,63.7,0.392,1,1898.0
17,330,62.6,0.392,1,1950.0
17,345,60.3,0.392,1,2048.0
17,360,58.6,0.392,1,2085.0
17,375,55.8,0.392,1,2136.0
17,390,52.5,0.392,1,2157.0
17,405,49.7,0.392,1,2174.0
17,420,48.3,0.392,1,2138.0
17,435,46.2,0.392,1,2119.0
17,450,44.3,0.392,1,2118.0
17,465,42.1,0.392,1,2092.0
17,480,43.3,0.392,1,2090.0
17,495,47.4,0.392,1,2160.0
17,510,47.6,0.392,1,2145.0
17,525,47.8,0.392,1,2147.0
17,540,48.6,0.392,1,2140.0
17,555,51.6,0.392,1,2167.0
17,570,52.1,0.392,1,2155.0
17,585,53.8,0.392,1,2167.0
17,600,55.4,0.392,1,2147.0
17,615,55.1,0.392,1,2157.0
17,630,55.4,0.392,1,2156.0
17,645,55.9,0.392,1,2152.0
17,660,57.1,0.392,1,2132.0
17,675,56.8,0.392,1,2138.0
17,690,56.9,0.392,1,2133.0
17,705,56.4,0.392,1,2138.0
17,720,56.6,0.392,1,2138.0
17,735,56.6,0.392,1,2139.0
17,750,57.4,0.392,1,2124.0
17,765,57.1,0.392,1,2132.0
17,780,55.8,0.392,1,2144.0
17,795,56.2,0.392,1,2127.0
17,810,56.5,0.392,1,2139.0
17,825,57.1,0.392,1,2132.0
17,840,56.7,0.392,1,2139.0
17,855,55.9,0.392,1,2149.0
17,870,56.1,0.392,1,2146.0
17,885,56.6,0.392,1,2140.0
17,900,55.7,0.392,1,2144.0
17,915,54.5,0.392,1,2154.0
17,930,53.8,0.392,1,2132.0
17,945,54.3,0.392,1,2113.0
17,960,53.8,0.392,1,2127.0
17,975,55.4,0.392,1,2148.0
17,990,55.6,0.392,1,2157.0
17,1005,55.3,0.392,1,2155.0
17,1020,54.6,0.392,1,2167.0
17,1035,54.2,0.392,1,2172.0
17,1050,54.3,0.392,1,2171.0
17,1065,54.6,0.392,1,2168.0
17,1080,54.3,0.392,1,2173.0
17,1095,53.3,0.392,1,2173.0
17,1110,53.1,0.392,1,2177.0
17,1125,53.0,0.392,1,2179.0
17,1140,53.1,0.392,1,2178.0
17,1155,54.6,0.392,1,2161.0
17,1170,55.8,0.392,1,2149.0
17,1185,55.9,0.392,1,2148.0
17,1200,57.9,0.392,1,2115.0
17,1215,57.2,0.392,1,2127.0
17,1230,57.4,0.392,1,2125.0
17,1245,57.2,0.392,1,2122.0
17,1260,57.4,0.392,1,2125.0
17,1275,58.1,0.392,1,2111.0
17,1290,58.5,0.392,1,2100.0
17,1305,58.3,0.392,1,2101.0
17,1320,59.1,0.392,1,2081.0
17,1335,60.1,0.392,1,2050.0
17,1350,59.6,0.392,1,2058.0
17,1365,60.0,0.392,1,2041.0
17,1380,60.5,0.392,1,2031.0
17,1395,60.3,0.392,1,2040.0
17,1410,60.0,0.392,1,2044.0
17,1425,59.7,0.392,1,2058.0
18,0,62.0,0.596,1,1973.0
18,15,60.4,0.596,1,2037.0
18,30,59.6,0.596,1,2048.0
18,45,59.6,0.596,1,2031.0
18,60,58.9,0.596,1,2067.0
18,75,58.8,0.596,1,2047.0
18,90,59.2,0.596,1,2069.0
18,105,58.6,0.596,1,2063.0
18,120,58.4,0.596,1,2069.0
18,135,59.9,0.596,1,2024.0
18,150,59.8,0.596,1,2049.0
18,165,59.9,0.596,1,2031.0
18,180,60.7,0.596,1,1993.0
18,195,61.3,0.596,1,2006.0
18,210,64.3,0.596,1,1818.0
18,225,65.6,0.596,1,1747.0
18,240,65.4,0.596,1,1737.0
18,255,67.6,0.596,1,1497.0
18,270,66.1,0.596,1,1701.0
18,285,66.8,0.596,1,1630.0
18,300,65.8,0.596,1,1740.0
18,315,63.8,0.596,1,1896.0
18,330,61.7,0.596,1,1988.0
18,345,58.4,0.596,1,2104.0
18,360,57.3,0.596,1,2124.0
18,375,54.0,0.596,1,2154.0
18,390,47.8,0.596,1,2145.0
18,405,40.7,0.596,1,2087.0
18,420,38.5,0.596,1,2028.0
18,435,37.0,0.596,1,1995.0
18,450,31.3,0.596,1,1897.0
18,465,28.7,0.596,1,1850.0
18,480,30.5,0.596,1,1870.0
18,495,29.5,0.596,1,1854.0
18,510,29.9,0.596,1,1886.0
18,525,32.3,0.596,1,1947.0
18,540,40.7,0.596,1,2082.0
18,555,45.6,0.596,1,2131.0
18,570,48.2,0.596,1,2151.0
18,585,51.6,0.596,1,2157.0
18,600,55.1,0.596,1,2138.0
18,615,55.9,0.596,1,2150.0
18,630,57.0,0.596,1,2127.0
18,645,56.7,0.596,1,2138.0
18,660,57.9,0.596,1,2114.0
18,675,57.8,0.596,1,2109.0
18,690,57.4,0.596,1,2101.0
18,705,57.1,0.596,1,2080.0
18,720,58.8,0.596,1,2096.0
18,735,58.5,0.596,1,2098.0
18,750,58.6,0.596,1,2096.0
18,765,58.1,0.596,1,2111.0
18,780,58.8,0.596,1,2090.0
18,795,58.8,0.596,1,2095.0
18,810,58.5,0.596,1,2101.0
18,825,58.3,0.596,1,2101.0
18,840,58.3,0.596,1,2105.0
18,855,56.0,0.596,1,2149.0
18,870,56.4,0.596,1,2142.0
18,885,56.5,0.596,1,2138.0
18,900,55.1,0.596,1,2154.0
18,915,54.3,0.596,1,2164.0
18,930,54.7,0.596,1,2159.0
18,945,52.8,0.596,1,2157.0
18,960,50.9,0.596,1,2135.0
18,975,49.9,0.596,1,2156.0
18,990,48.8,0.596,1,2164.0
18,1005,48.2,0.596,1,2161.0
18,1020,49.2,0.596,1,2146.0
18,1035,44.8,0.596,1,2069.0
18,1050,42.1,0.596,1,2007.0
18,1065,39.7,0.596,1,1962.0
18,1080,42.4,0.596,1,2011.0
18,1095,44.0,0.596,1,2044.0
18,1110,49.4,0.596,1,2128.0
18,1125,52.1,0.596,1,2139.0
18,1140,55.0,0.596,1,2152.0
18,1155,57.1,0.596,1,2130.0
18,1170,56.5,0.596,1,2142.0
18,1185,57.8,0.596,1,2114.0
18,1200,59.8,0.596,1,2062.0
18,1215,59.2,0.596,1,2078.0
18,1230,60.3,0.596,1,2045.0
18,1245,59.6,0.596,1,2067.0
18,1260,59.9,0.596,1,2056.0
18,1275,59.8,0.596,1,2065.0
18,1290,60.8,0.596,1,2026.0
18,1305,60.7,0.596,1,2034.0
18,1320,61.4,0.596,1,2003.0
18,1335,61.3,0.596,1,2006.0
18,1350,61.0,0.596,1,2023.0
18,1365,61.9,0.596,1,1988.0
18,1380,61.5,0.596,1,1992.0
18,1395,62.0,0.596,1,1983.0
18,1410,61.3,0.596,1,1995.0
18,1425,61.7,0.596,1,1987.0
19,0,65.1,0.704,1,1744.0
19,15,63.3,0.704,1,1916.0
19,30,62.3,0.704,1,1963.0
19,45,63.2,0.704,1,1908.0
19,60,62.5,0.704,1,1917.0
19,75,61.9,0.704,1,1936.0
19,90,61.9,0.704,1,1966.0
19,105,61.2,0.704,1,1980.0
19,120,61.9,0.704,1,1958.0
19,135,62.8,0.704,1,1907.0
19,150,62.3,0.704,1,1953.0
19,165,61.8,0.704,1,1951.0
19,180,62.3,0.704,1,1926.0
19,195,63.1,0.704,1,1921.0
19,210,66.1,0.704,1,1661.0
19,225,66.0,0.704,1,1703.0
19,240,66.6,0.704,1,1637.0
19,255,68.4,0.704,1,1385.0
19,270,67.7,0.704,1,1499.0
19,285,68.1,0.704,1,1430.0
19,300,67.2,0.704,1,1585.0
19,315,66.0,0.704,1,1722.0
19,330,64.2,0.704,1,1851.0
19,345,61.0,0.704,1,2018.0
19,360,60.6,0.704,1,2037.0
19,375,56.8,0.704,1,2116.0
19,390,51.6,0.704,1,2139.0
19,405,43.5,0.704,1,2114.0
19,420,43.1,0.704,1,2077.0
19,435,41.9,0.704,1,2064.0
19,450,39.9,0.704,1,2056.0
19,465,36.0,0.704,1,2033.0
19,480,36.2,0.704,1,2025.0
19,495,37.0,0.704,1,2036.0
19,510,36.2,0.704,1,2031.0
19,525,38.1,0.704,1,2067.0
19,540,43.5,0.704,1,2109.0
19,555,48.7,0.704,1,2129.0
19,570,53.2,0.704,1,2128.0
19,585,55.3,0.704,1,2137.0
19,600,57.5,0.704,1,2097.0
19,615,58.4,0.704,1,2093.0
19,630,59.7,0.704,1,2064.0
19,645,59.6,0.704,1,2073.0
19,660,61.0,0.704,1,2024.0
19,675,60.8,0.704,1,2034.0
19,690,60.8,0.704,1,2030.0
19,705,59.7,0.704,1,2035.0
19,720,60.8,0.704,1,2031.0
19,735,61.0,0.704,1,2017.0
19,750,61.6,0.704,1,1998.0
19,765,60.1,0.704,1,2031.0
19,780,61.1,0.704,1,2023.0
19,795,60.8,0.704,1,2031.0
19,810,60.4,0.704,1,2044.0
19,825,60.8,0.704,1,2030.0
19,840,60.4,0.704,1,2047.0
19,855,59.6,0.704,1,2073.0
19,870,59.6,0.704,1,2069.0
19,885,58.6,0.704,1,2092.0
19,900,57.4,0.704,1,2091.0
19,915,56.5,0.704,1,2128.0
19,930,57.0,0.704,1,2114.0
19,945,54.3,0.704,1,2112.0
19,960,53.2,0.704,1,2096.0
19,975,54.7,0.704,1,2122.0
19,990,54.8,0.704,1,2132.0
19,1005,49.2,0.704,1,2155.0
19,1020,44.9,0.704,1,2073.0
19,1035,43.3,0.704,1,2031.0
19,1050,42.3,0.704,1,2016.0
19,1065,39.8,0.704,1,1986.0
19,1080,41.8,0.704,1,1997.0
19,1095,46.5,0.704,1,2048.0
19,1110,51.2,0.704,1,2083.0
19,1125,54.3,0.704,1,2092.0
19,1140,56.5,0.704,1,2115.0
19,1155,59.7,0.704,1,2065.0
19,1170,60.3,0.704,1,2039.0
19,1185,60.3,0.704,1,2048.0
19,1200,62.0,0.704,1,1978.0
19,1215,61.5,0.704,1,1995.0
19,1230,62.6,0.704,1,1961.0
19,1245,62.2,0.704,1,1973.0
19,1260,62.3,0.704,1,1966.0
19,1275,62.8,0.704,1,1940.0
19,1290,63.8,0.704,1,1887.0
19,1305,62.7,0.704,1,1954.0
19,1320,64.0,0.704,1,1878.0
19,1335,64.6,0.704,1,1833.0
19,1350,63.9,0.704,1,1872.0
19,1365,65.0,0.704,1,1807.0
19,1380,64.8,0.704,1,1812.0
19,1395,64.5,0.704,1,1837.0
19,1410,64.4,0.704,1,1833.0
19,1425,64.5,0.704,1,1819.0
20,0,61.2,0.648,1,1986.0
20,15,60.5,0.648,1,2023.0
20,30,60.4,0.648,1,2028.0
20,45,60.5,0.648,1,2023.0
20,60,59.4,0.648,1,2060.0
20,75,59.7,0.648,1,2049.0
20,90,60.3,0.648,1,2034.0
20,105,60.4,0.648,1,2028.0
20,120,60.4,0.648,1,2027.0
20,135,61.5,0.648,1,1959.0
20,150,60.4,0.648,1,2020.0
20,165,60.7,0.648,1,2010.0
20,180,60.8,0.648,1,2006.0
20,195,61.8,0.648,1,1968.0
20,210,64.5,0.648,1,1827.0
20,225,65.6,0.648,1,1750.0
20,240,65.4,0.648,1,1749.0
20,255,67.2,0.648,1,1587.0
20,270,66.3,0.648,1,1687.0
20,285,66.7,0.648,1,1666.0
20,300,66.0,0.648,1,1716.0
20,315,63.0,0.648,1,1934.0
20,330,60.9,0.648,1,2023.0
20,345,58.7,0.648,1,2098.0
20,360,56.5,0.648,1,2107.0
20,375,51.6,0.648,1,2124.0
20,390,46.5,0.648,1,2092.0
20,405,42.9,0.648,1,2101.0
20,420,43.4,0.648,1,2076.0
20,435,40.9,0.648,1,2064.0
20,450,38.7,0.648,1,2069.0
20,465,39.5,0.648,1,2101.0
20,480,41.0,0.648,1,2131.0
20,495,41.6,0.648,1,2135.0
20,510,39.1,0.648,1,2084.0
20,525,39.7,0.648,1,2094.0
20,540,42.7,0.648,1,2141.0
20,555,44.9,0.648,1,2160.0
20,570,44.6,0.648,1,2158.0
20,585,45.5,0.648,1,2148.0
20,600,45.0,0.648,1,2126.0
20,615,49.2,0.648,1,2141.0
20,630,50.4,0.648,1,2134.0
20,645,50.9,0.648,1,2146.0
20,660,53.0,0.648,1,2109.0
20,675,53.3,0.648,1,2117.0
20,690,54.0,0.648,1,2117.0
20,705,53.2,0.648,1,2127.0
20,720,52.5,0.648,1,2090.0
20,735,52.0,0.648,1,2078.0
20,750,52.2,0.648,1,2094.0
20,765,52.9,0.648,1,2131.0
20,780,53.3,0.648,1,2114.0
20,795,53.4,0.648,1,2120.0
20,810,52.6,0.648,1,2130.0
20,825,52.3,0.648,1,2132.0
20,840,52.5,0.648,1,2128.0
20,855,51.6,0.648,1,2136.0
20,870,49.4,0.648,1,2157.0
20,885,48.2,0.648,1,2160.0
20,900,46.5,0.648,1,2156.0
20,915,45.7,0.648,1,2149.0
20,930,45.0,0.648,1,2152.0
20,945,42.6,0.648,1,2147.0
20,960,42.5,0.648,1,2153.0
20,975,42.8,0.648,1,2156.0
20,990,40.9,0.648,1,2133.0
20,1005,39.9,0.648,1,2116.0
20,1020,39.1,0.648,1,2088.0
20,1035,37.0,0.648,1,2053.0
20,1050,37.2,0.648,1,2057.0
20,1065,37.8,0.648,1,2073.0
20,1080,39.8,0.648,1,2111.0
20,1095,40.0,0.648,1,2111.0
20,1110,39.9,0.648,1,2072.0
20,1125,43.9,0.648,1,2133.0
20,1140,48.6,0.648,1,2158.0
20,1155,51.4,0.648,1,2149.0
20,1170,54.4,0.648,1,2143.0
20,1185,55.2,0.648,1,2119.0
20,1200,57.4,0.648,1,2094.0
20,1215,57.7,0.648,1,2099.0
20,1230,58.5,0.648,1,2104.0
20,1245,59.4,0.648,1,2072.0
20,1260,59.7,0.648,1,2072.0
20,1275,59.6,0.648,1,2072.0
20,1290,60.4,0.648,1,2041.0
20,1305,59.9,0.648,1,2060.0
20,1320,61.8,0.648,1,1993.0
20,1335,61.2,0.648,1,2016.0
20,1350,61.3,0.648,1,2011.0
20,1365,60.9,0.648,1,2018.0
20,1380,60.9,0.648,1,2023.0
20,1395,61.8,0.648,1,1986.0
20,1410,61.9,0.648,1,1984.0
20,1425,61.7,0.648,1,1999.0
21,0,64.3,0.586,1,1819.0
21,15,63.6,0.586,1,1888.0
21,30,63.0,0.586,1,1911.0
21,45,62.6,0.586,1,1927.0
21,60,61.8,0.586,1,1961.0
21,75,61.7,0.586,1,1979.0
21,90,61.4,0.586,1,1989.0
21,105,62.2,0.586,1,1937.0
21,120,61.9,0.586,1,1973.0
21,135,62.9,0.586,1,1884.0
21,150,62.4,0.586,1,1915.0
21,165,62.6,0.586,1,1899.0
21,180,62.5,0.586,1,1885.0
21,195,63.2,0.586,1,1910.0
21,210,66.5,0.586,1,1616.0
21,225,67.1,0.586,1,1563.0
21,240,67.0,0.586,1,1604.0
21,255,69.1,0.586,1,1324.0
21,270,68.1,0.586,1,1420.0
21,285,68.7,0.586,1,1334.0
21,300,68.0,0.586,1,1456.0
21,315,66.0,0.586,1,1706.0
21,330,65.1,0.586,1,1793.0
21,345,63.3,0.586,1,1921.0
21,360,61.4,0.586,1,2002.0
21,375,58.9,0.586,1,2073.0
21,390,54.5,0.586,1,2126.0
21,405,46.2,0.586,1,2071.0
21,420,43.9,0.586,1,2005.0
21,435,42.8,0.586,1,1970.0
21,450,38.2,0.586,1,1930.0
21,465,36.2,0.586,1,1873.0
21,480,38.6,0.586,1,1899.0
21,495,40.3,0.586,1,1908.0
21,510,36.9,0.586,1,1899.0
21,525,34.9,0.586,1,1882.0
21,540,45.7,0.586,1,2038.0
21,555,54.2,0.586,1,2076.0
21,570,56.1,0.586,1,2083.0
21,585,57.5,0.586,1,2043.0
21,600,59.4,0.586,1,2036.0
21,615,59.0,0.586,1,2021.0
21,630,59.6,0.586,1,1975.0
21,645,59.5,0.586,1,1989.0
21,660,60.3,0.586,1,1944.0
21,675,60.1,0.586,1,1961.0
21,690,59.5,0.586,1,1957.0
21,705,60.5,0.586,1,1959.0
21,720,60.1,0.586,1,1954.0
21,735,60.4,0.586,1,1944.0
21,750,61.5,0.586,1,1952.0
21,765,61.7,0.586,1,1993.0
21,780,62.7,0.586,1,1952.0
21,795,62.8,0.586,1,1948.0
21,810,62.3,0.586,1,1972.0
21,825,62.5,0.586,1,1959.0
21,840,62.1,0.586,1,1982.0
21,855,61.0,0.586,1,2014.0
21,870,61.5,0.586,1,2004.0
21,885,61.5,0.586,1,2005.0
21,900,60.4,0.586,1,2039.0
21,915,59.9,0.586,1,2061.0
21,930,60.1,0.586,1,2054.0
21,945,59.8,0.586,1,2065.0
21,960,58.7,0.586,1,2063.0
21,975,57.5,0.586,1,2039.0
21,990,56.7,0.586,1,2053.0
21,1005,55.8,0.586,1,2054.0
21,1020,54.8,0.586,1,2027.0
21,1035,54.2,0.586,1,2028.0
21,1050,52.0,0.586,1,2015.0
21,1065,48.9,0.586,1,2019.0
21,1080,46.3,0.586,1,1982.0
21,1095,48.1,0.586,1,2001.0
21,1110,53.6,0.586,1,2042.0
21,1125,55.1,0.586,1,2014.0
21,1140,57.3,0.586,1,2024.0
21,1155,58.4,0.586,1,1990.0
21,1170,59.0,0.586,1,1972.0
21,1185,61.0,0.586,1,2004.0
21,1200,63.2,0.586,1,1929.0
21,1215,62.6,0.586,1,1961.0
21,1230,62.9,0.586,1,1944.0
21,1245,63.0,0.586,1,1929.0
21,1260,63.3,0.586,1,1916.0
21,1275,63.4,0.586,1,1909.0
21,1290,64.4,0.586,1,1857.0
21,1305,64.5,0.586,1,1850.0
21,1320,64.3,0.586,1,1846.0
21,1335,64.5,0.586,1,1827.0
21,1350,63.8,0.586,1,1894.0
21,1365,64.5,0.586,1,1825.0
21,1380,64.0,0.586,1,1871.0
21,1395,64.7,0.586,1,1797.0
21,1410,63.8,0.586,1,1882.0
21,1425,64.0,0.586,1,1873.0
22,0,61.4,1.621,1,1987.0
22,15,61.0,1.621,1,2015.0
22,30,60.8,1.621,1,2015.0
22,45,60.6,1.621,1,2029.0
22,60,59.9,1.621,1,2054.0
22,75,58.9,1.621,1,2043.0
22,90,60.5,1.621,1,2003.0
22,105,61.6,1.621,1,1985.0
22,120,60.7,1.621,1,2022.0
22,135,61.5,1.621,1,1986.0
22,150,61.2,1.621,1,1984.0
22,165,61.6,1.621,1,1991.0
22,180,62.4,1.621,1,1954.0
22,195,63.4,1.621,1,1898.0
22,210,64.8,1.621,1,1811.0
22,225,66.1,1.621,1,1708.0
22,240,66.3,1.621,1,1653.0
22,255,67.0,1.621,1,1590.0
22,270,65.6,1.621,1,1755.0
22,285,65.5,1.621,1,1777.0
22,300,65.1,1.621,1,1807.0
22,315,61.7,1.621,1,2000.0
22,330,60.0,1.621,1,2056.0
22,345,56.7,1.621,1,2116.0
22,360,54.7,1.621,1,2138.0
22,375,50.7,1.621,1,2128.0
22,390,46.1,1.621,1,2076.0
22,405,42.5,1.621,1,2040.0
22,420,40.9,1.621,1,2009.0
22,435,37.2,1.621,1,1985.0
22,450,26.7,1.621,1,1764.0
22,465,19.5,1.621,1,1540.0
22,480,16.4,1.621,1,1424.0
22,495,15.6,1.621,1,1382.0
22,510,16.8,1.621,1,1435.0
22,525,19.7,1.621,1,1522.0
22,540,25.6,1.621,1,1668.0
22,555,29.7,1.621,1,1775.0
22,570,31.2,1.621,1,1796.0
22,585,33.6,1.621,1,1839.0
22,600,41.4,1.621,1,2000.0
22,615,49.4,1.621,1,2049.0
22,630,51.9,1.621,1,2079.0
22,645,53.8,1.621,1,2082.0
22,660,55.2,1.621,1,2063.0
22,675,55.5,1.621,1,2052.0
22,690,55.6,1.621,1,2045.0
22,705,55.5,1.621,1,2046.0
22,720,56.0,1.621,1,2055.0
22,735,55.9,1.621,1,2064.0
22,750,55.2,1.621,1,2063.0
22,765,55.3,1.621,1,2042.0
22,780,55.6,1.621,1,2043.0
22,795,55.4,1.621,1,2053.0
22,810,55.1,1.621,1,2057.0
22,825,54.6,1.621,1,2053.0
22,840,54.3,1.621,1,2064.0
22,855,52.7,1.621,1,2074.0
22,870,50.1,1.621,1,2070.0
22,885,46.0,1.621,1,2037.0
22,900,44.8,1.621,1,2016.0
22,915,41.9,1.621,1,1967.0
22,930,37.4,1.621,1,1883.0
22,945,32.2,1.621,1,1804.0
22,960,29.7,1.621,1,1746.0
22,975,26.1,1.621,1,1682.0
22,990,22.3,1.621,1,1601.0
22,1005,20.1,1.621,1,1561.0
22,1020,18.9,1.621,1,1516.0
22,1035,19.2,1.621,1,1529.0
22,1050,17.5,1.621,1,1489.0
22,1065,18.2,1.621,1,1529.0
22,1080,24.6,1.621,1,1714.0
22,1095,30.1,1.621,1,1831.0
22,1110,36.8,1.621,1,1922.0
22,1125,43.0,1.621,1,2000.0
22,1140,49.9,1.621,1,2104.0
22,1155,55.1,1.621,1,2144.0
22,1170,55.5,1.621,1,2102.0
22,1185,56.4,1.621,1,2064.0
22,1200,57.6,1.621,1,2044.0
22,1215,59.0,1.621,1,2065.0
22,1230,59.0,1.621,1,2058.0
22,1245,59.8,1.621,1,2001.0
22,1260,59.3,1.621,1,2023.0
22,1275,60.9,1.621,1,2031.0
22,1290,61.1,1.621,1,2023.0
22,1305,61.5,1.621,1,2002.0
22,1320,62.3,1.621,1,1971.0
22,1335,61.9,1.621,1,1978.0
22,1350,61.8,1.621,1,1996.0
22,1365,61.8,1.621,1,1993.0
22,1380,62.8,1.621,1,1942.0
22,1395,63.2,1.621,1,1922.0
22,1410,62.6,1.621,1,1954.0
22,1425,62.3,1.621,1,1958.0
23,0,56.1,0.32,1,2144.0
23,15,55.5,0.32,1,2148.0
23,30,55.6,0.32,1,2147.0
23,45,56.2,0.32,1,2135.0
23,60,55.0,0.32,1,2131.0
23,75,55.1,0.32,1,2128.0
23,90,55.1,0.32,1,2148.0
23,105,54.5,0.32,1,2151.0
23,120,54.5,0.32,1,2137.0
23,135,55.7,0.32,1,2133.0
23,150,56.9,0.32,1,2106.0
23,165,55.5,0.32,1,2145.0
23,180,55.0,0.32,1,2146.0
23,195,55.5,0.32,1,2129.0
23,210,58.1,0.32,1,2095.0
23,225,59.1,0.32,1,2069.0
23,240,58.6,0.32,1,2087.0
23,255,59.5,0.32,1,2057.0
23,270,60.8,0.32,1,2011.0
23,285,61.1,0.32,1,1987.0
23,300,60.0,0.32,1,1980.0
23,315,58.3,0.32,1,2079.0
23,330,56.2,0.32,1,2112.0
23,345,52.2,0.32,1,2072.0
23,360,50.8,0.32,1,2079.0
23,375,51.0,0.32,1,2129.0
23,390,48.9,0.32,1,2134.0
23,405,48.2,0.32,1,2134.0
23,420,48.2,0.32,1,2143.0
23,435,47.1,0.32,1,2164.0
23,450,41.4,0.32,1,2113.0
23,465,36.8,0.32,1,2004.0
23,480,34.3,0.32,1,1932.0
23,495,27.5,0.32,1,1707.0
23,510,25.6,0.32,1,1627.0
23,525,26.4,0.32,1,1599.0
23,540,30.1,0.32,1,1703.0
23,555,38.0,0.32,1,1888.0
23,570,42.6,0.32,1,1963.0
23,585,45.7,0.32,1,2016.0
23,600,51.0,0.32,1,2112.0
23,615,53.5,0.32,1,2178.0
23,630,52.7,0.32,1,2157.0
23,645,52.2,0.32,1,2150.0
23,660,53.0,0.32,1,2135.0
23,675,53.3,0.32,1,2129.0
23,690,53.6,0.32,1,2134.0
23,705,52.1,0.32,1,2125.0
23,720,51.2,0.32,1,2069.0
23,735,51.3,0.32,1,2037.0
23,750,51.3,0.32,1,2024.0
23,765,52.3,0.32,1,2075.0
23,780,53.2,0.32,1,2114.0
23,795,53.2,0.32,1,2130.0
23,810,53.7,0.32,1,2154.0
23,825,53.7,0.32,1,2159.0
23,840,54.0,0.32,1,2165.0
23,855,50.7,0.32,1,2168.0
23,870,49.7,0.32,1,2149.0
23,885,49.4,0.32,1,2154.0
23,900,49.2,0.32,1,2168.0
23,915,45.7,0.32,1,2136.0
23,930,42.6,0.32,1,2075.0
23,945,44.2,0.32,1,2069.0
23,960,42.4,0.32,1,2087.0
23,975,40.2,0.32,1,2030.0
23,990,41.9,0.32,1,2019.0
23,1005,41.4,0.32,1,2015.0
23,1020,41.8,0.32,1,2036.0
23,1035,40.7,0.32,1,2074.0
23,1050,38.1,0.32,1,2003.0
23,1065,39.3,0.32,1,2007.0
23,1080,42.4,0.32,1,2040.0
23,1095,42.4,0.32,1,2051.0
23,1110,43.3,0.32,1,2075.0
23,1125,42.0,0.32,1,2052.0
23,1140,41.9,0.32,1,2054.0
23,1155,41.8,0.32,1,2034.0
23,1170,45.9,0.32,1,2084.0
23,1185,48.8,0.32,1,2119.0
23,1200,52.0,0.32,1,2131.0
23,1215,53.6,0.32,1,2157.0
23,1230,54.0,0.32,1,2162.0
23,1245,54.5,0.32,1,2170.0
23,1260,55.0,0.32,1,2162.0
23,1275,55.0,0.32,1,2159.0
23,1290,55.2,0.32,1,2159.0
23,1305,55.0,0.32,1,2159.0
23,1320,55.9,0.32,1,2154.0
23,1335,55.3,0.32,1,2154.0
23,1350,55.5,0.32,1,2156.0
23,1365,55.9,0.32,1,2152.0
23,1380,56.4,0.32,1,2139.0
23,1395,56.4,0.32,1,2143.0
23,1410,56.8,0.32,1,2125.0
23,1425,56.7,0.32,1,2130.0
