link_id,from_node_id,to_node_id,length_km,lanes,free_speed_kmh,capacity_vph,link_type,road_name,direction,is_ramp,is_merge,is_diverge
L5N-001,2,3,0.31,7,105.0,14000,freeway,I-5,N,0,0,0
L5N-002,4,5,0.053,5,105.0,10000,freeway,I-5,N,0,0,0
L5N-003,6,7,0.108,5,105.0,10000,freeway,I-5,N,0,0,0
L5N-004,7,8,0.083,5,105.0,10000,freeway,I-5,N,0,0,0
L5N-005,9,10,0.114,5,105.0,10000,freeway,I-5,N,0,0,0
L5N-006,10,6,0.175,5,105.0,10000,freeway,I-5,N,0,0,0
L5N-007,11,12,1.798,5,105.0,10000,freeway,I-5,N,0,0,0
L5N-008,13,14,0.062,5,105.0,10000,freeway,I-5,N,0,0,0
L5N-009,15,16,0.076,6,105.0,12000,freeway,I-5,N,0,0,0
L5N-010,16,17,0.418,6,105.0,12000,freeway,I-5,N,0,0,0
L5N-011,18,19,0.08,7,105.0,14000,freeway,I-5,N,0,0,0
L5N-012,19,20,0.009,7,105.0,14000,freeway,I-5,N,0,0,0
L5N-013,21,22,0.048,6,105.0,12000,freeway,I-5,N,0,0,0
L5N-014,22,23,0.416,6,105.0,12000,freeway,I-5,N,0,0,0
L5N-015,24,25,0.069,7,105.0,14000,freeway,I-5,N,0,0,0
L5N-016,26,27,0.162,7,105.0,14000,freeway,I-5,N,0,0,0
L5N-017,28,29,0.084,4,105.0,8000,freeway,I-5,N,0,0,0
L5N-018,29,30,0.437,4,105.0,8000,freeway,I-5,N,0,0,0
L5N-019,5,31,0.151,5,105.0,10000,freeway,I-5,N,0,0,0
L5N-020,32,33,0.103,5,105.0,10000,freeway,I-5,N,0,0,0
L5N-021,33,34,0.504,5,105.0,10000,freeway,I-5,N,0,0,0
L5N-022,35,36,0.039,5,105.0,10000,freeway,I-5,N,0,0,0
L5N-023,36,37,0.09,5,105.0,10000,freeway,I-5,N,0,0,0
L5N-024,37,38,0.229,5,105.0,10000,freeway,I-5,N,0,0,0
L5N-025,38,39,0.495,5,105.0,10000,freeway,I-5,N,0,0,0
L5N-026,40,41,0.375,6,105.0,12000,freeway,I-5,N,0,0,0
L5N-027,42,43,0.084,6,105.0,12000,freeway,I-5,N,0,0,0
L5N-028,43,44,0.137,6,105.0,12000,freeway,I-5,N,0,0,0
L5N-029,45,46,0.047,7,105.0,14000,freeway,I-5,N,0,0,0
L5N-030,46,47,0.187,6,105.0,12000,freeway,I-5,N,0,0,0
L5N-031,3,48,0.055,7,105.0,14000,freeway,I-5,N,0,0,0
L5N-032,48,49,0.077,7,105.0,14000,freeway,I-5,N,0,0,0
L5N-033,50,51,0.046,6,105.0,12000,freeway,I-5,N,0,0,0
L5N-034,51,52,0.318,6,105.0,12000,freeway,I-5,N,0,0,0
L5N-035,53,54,0.378,5,105.0,10000,freeway,I-5,N,0,0,0
L5N-036,55,53,0.058,5,105.0,10000,freeway,I-5,N,0,0,0
L5N-037,56,57,0.073,6,105.0,12000,freeway,I-5,N,0,0,0
L5N-038,57,58,0.299,6,105.0,12000,freeway,I-5,N,0,0,0
L5N-039,59,60,0.066,7,105.0,14000,freeway,I-5,N,0,0,0
L5N-040,60,61,0.037,7,105.0,14000,freeway,I-5,N,0,0,0
L5N-041,62,63,0.068,7,105.0,14000,freeway,I-5,N,0,0,0
L5N-042,64,65,0.123,8,105.0,16000,freeway,I-5,N,0,0,0
L5N-043,66,67,0.103,6,105.0,12000,freeway,I-5,N,0,0,0
L5N-044,68,69,0.078,7,105.0,14000,freeway,I-5,N,0,0,0
L5N-045,70,71,0.463,6,105.0,12000,freeway,I-5,N,0,0,0
L5N-046,71,72,0.067,6,105.0,12000,freeway,I-5,N,0,0,0
L5N-047,73,74,0.064,5,105.0,10000,freeway,I-5,N,0,0,0
L5N-048,72,75,0.393,6,105.0,12000,freeway,I-5,N,0,0,0
L5N-049,76,77,0.056,6,105.0,12000,freeway,I-5,N,0,0,0
L5N-050,77,78,1.042,6,105.0,12000,freeway,I-5,N,0,0,0
L5N-051,79,80,0.737,3,105.0,6000,freeway,I-5,N,0,0,0
L5N-052,81,82,0.164,6,105.0,12000,freeway,I-5,N,0,0,0
L5N-053,83,81,0.05,6,105.0,12000,freeway,I-5,N,0,0,0
L5N-054,84,85,0.368,5,105.0,10000,freeway,I-5,N,0,0,0
L5N-055,74,86,0.018,5,105.0,10000,freeway,I-5,N,0,0,0
L5N-056,27,87,0.67,5,105.0,10000,freeway,I-5,N,0,0,0
L5N-057,31,32,0.732,5,105.0,10000,freeway,I-5,N,0,0,0
L5N-058,88,89,0.387,6,105.0,12000,freeway,I-5,N,0,0,0
L5N-059,90,91,0.195,6,105.0,12000,freeway,I-5,N,0,0,0
L5N-060,92,76,0.2,6,105.0,12000,freeway,I-5,N,0,0,0
L5N-061,93,90,0.302,6,105.0,12000,freeway,I-5,N,0,0,0
L5N-062,23,24,0.417,7,105.0,14000,freeway,I-5,N,0,0,0
L5N-063,94,95,0.232,7,105.0,14000,freeway,I-5,N,0,0,0
L5N-064,96,97,0.431,5,105.0,10000,freeway,I-5,N,0,0,0
L5N-065,98,55,0.102,5,105.0,10000,freeway,I-5,N,0,0,0
L5N-066,99,18,0.083,7,105.0,14000,freeway,I-5,N,0,0,0
L5N-067,100,101,0.354,5,105.0,10000,freeway,I-5,N,0,0,0
L5N-068,41,102,0.25,8,105.0,16000,freeway,I-5,N,0,0,0
L5N-069,104,105,0.069,5,105.0,10000,freeway,I-5,N,0,0,0
L5N-070,106,107,0.621,5,105.0,10000,freeway,I-5,N,0,0,0
L5N-071,108,109,0.477,5,105.0,10000,freeway,I-5,N,0,0,0
L5N-072,110,111,0.565,4,105.0,8000,freeway,I-5,N,0,0,0
L5N-073,112,113,0.231,4,105.0,8000,freeway,I-5,N,0,0,0
L5N-074,114,115,0.904,5,105.0,10000,freeway,I-5,N,0,0,0
L5N-075,116,117,0.04,4,105.0,8000,freeway,I-5,N,0,0,0
L5N-076,118,119,0.077,5,105.0,10000,freeway,I-5,N,0,0,0
L5N-077,120,114,0.072,5,105.0,10000,freeway,I-5,N,0,0,0
L5N-078,121,112,0.047,4,105.0,8000,freeway,I-5,N,0,0,0
L5N-079,122,120,0.676,5,105.0,10000,freeway,I-5,N,0,0,0
L5N-080,117,121,0.534,4,105.0,8000,freeway,I-5,N,0,0,0
L5N-081,111,124,0.058,7,105.0,14000,freeway,I-5,N,0,0,0
L5N-082,125,126,0.221,7,105.0,14000,freeway,I-5,N,0,0,0
L5N-083,127,128,0.281,6,105.0,12000,freeway,I-5,N,0,0,0
L5N-084,129,130,0.073,6,105.0,12000,freeway,I-5,N,0,0,0
L5N-085,130,131,0.142,6,105.0,12000,freeway,I-5,N,0,0,0
L5N-086,132,133,0.987,7,105.0,14000,freeway,I-5,N,0,0,0
L5N-087,134,132,0.057,8,105.0,16000,freeway,I-5,N,0,0,0
L5N-088,135,4,0.058,5,105.0,10000,freeway,I-5,N,0,0,0
L5N-089,136,135,0.068,5,105.0,10000,freeway,I-5,N,0,0,0
L5N-090,138,139,0.606,5,105.0,10000,freeway,I-5,N,0,0,0
L5N-091,140,66,0.097,6,105.0,12000,freeway,I-5,N,0,0,0
L5N-092,141,83,0.138,6,105.0,12000,freeway,I-5,N,0,0,0
L5N-093,142,143,0.301,5,105.0,10000,freeway,I-5,N,0,0,0
L5N-094,144,145,0.39,5,105.0,10000,freeway,I-5,N,0,0,0
L5N-095,146,118,0.387,5,105.0,10000,freeway,I-5,N,0,0,0
L5N-096,147,136,0.5,5,105.0,10000,freeway,I-5,N,0,0,0
L5N-097,148,147,0.14,6,105.0,12000,freeway,I-5,N,0,0,0
L5N-098,149,150,0.321,6,105.0,12000,freeway,I-5,N,0,0,0
L5N-099,151,152,0.25,7,105.0,14000,freeway,I-5,N,0,0,0
L5N-100,153,154,0.261,6,105.0,12000,freeway,I-5,N,0,0,0
L5N-101,155,156,0.652,6,105.0,12000,freeway,I-5,N,0,0,0
L5N-102,157,116,0.269,4,105.0,8000,freeway,I-5,N,0,0,0
L5N-103,30,157,0.325,5,105.0,10000,freeway,I-5,N,0,0,0
L5N-104,158,93,0.013,6,105.0,12000,freeway,I-5,N,0,0,0
L5N-105,139,158,0.096,5,105.0,10000,freeway,I-5,N,0,0,0
L5N-106,159,138,0.145,5,105.0,10000,freeway,I-5,N,0,0,0
L5N-107,160,161,0.018,5,105.0,10000,freeway,I-5,N,0,0,0
L5N-108,161,159,0.398,6,105.0,12000,freeway,I-5,N,0,0,0
L5N-109,162,160,0.176,6,105.0,12000,freeway,I-5,N,0,0,0
L5N-110,163,162,0.039,6,105.0,12000,freeway,I-5,N,0,0,0
L5N-111,164,165,0.362,6,105.0,12000,freeway,I-5,N,0,0,0
L5N-112,89,166,0.203,6,105.0,12000,freeway,I-5,N,0,0,0
L5N-113,167,168,0.604,6,105.0,12000,freeway,I-5,N,0,0,0
L5N-114,8,169,0.296,5,105.0,10000,freeway,I-5,N,0,0,0
L5N-115,170,11,0.546,5,105.0,10000,freeway,I-5,N,0,0,0
L5N-116,171,172,1.034,6,105.0,12000,freeway,I-5,N,0,0,0
L5N-117,173,171,1.094,5,105.0,10000,freeway,I-5,N,0,0,0
L5N-118,174,173,0.356,6,105.0,12000,freeway,I-5,N,0,0,0
L5N-119,14,174,0.463,5,105.0,10000,freeway,I-5,N,0,0,0
L5N-120,156,175,0.319,5,105.0,10000,freeway,I-5,N,0,0,0
L5N-121,176,177,0.229,5,105.0,10000,freeway,I-5,N,0,0,0
L5N-122,178,176,0.692,5,105.0,10000,freeway,I-5,N,0,0,0
L5N-123,179,178,0.039,6,105.0,12000,freeway,I-5,N,0,0,0
L5N-124,180,179,0.272,6,105.0,12000,freeway,I-5,N,0,0,0
L5N-125,119,180,0.405,5,105.0,10000,freeway,I-5,N,0,0,0
L5N-126,145,146,0.015,4,105.0,8000,freeway,I-5,N,0,0,0
L5N-127,113,144,0.084,5,105.0,10000,freeway,I-5,N,0,0,0
L5N-128,128,181,0.496,6,105.0,12000,freeway,I-5,N,0,0,0
L5N-129,182,106,0.83,5,105.0,10000,freeway,I-5,N,0,0,0
L5N-130,154,183,0.12,6,105.0,12000,freeway,I-5,N,0,0,0
L5N-131,184,185,0.439,6,105.0,12000,freeway,I-5,N,0,0,0
L5N-132,103,59,0.309,7,105.0,14000,freeway,I-5,N,0,0,0
L5N-133,186,187,0.614,6,105.0,12000,freeway,I-5,N,0,0,0
L5N-134,95,188,0.158,7,105.0,14000,freeway,I-5,N,0,0,0
L5N-135,85,104,0.076,6,105.0,12000,freeway,I-5,N,0,0,0
L5N-136,189,190,0.053,6,105.0,12000,freeway,I-5,N,0,0,0
L5N-137,190,163,0.049,6,105.0,12000,freeway,I-5,N,0,0,0
L5N-138,20,191,0.335,7,105.0,14000,freeway,I-5,N,0,0,0
L5N-139,192,15,0.082,6,105.0,12000,freeway,I-5,N,0,0,0
L5N-140,193,194,0.579,5,105.0,10000,freeway,I-5,N,0,0,0
L5N-141,195,196,0.196,5,105.0,10000,freeway,I-5,N,0,0,0
L5N-142,143,195,0.253,6,105.0,12000,freeway,I-5,N,0,0,0
L5N-143,197,198,0.345,6,105.0,12000,freeway,I-5,N,0,0,0
L5N-144,199,200,0.36,6,105.0,12000,freeway,I-5,N,0,0,0
L5N-145,201,189,0.466,7,105.0,14000,freeway,I-5,N,0,0,0
L5N-146,202,203,0.384,5,105.0,10000,freeway,I-5,N,0,0,0
L5N-147,204,205,0.711,6,105.0,12000,freeway,I-5,N,0,0,0
L5N-148,206,207,0.973,5,105.0,10000,freeway,I-5,N,0,0,0
L5N-149,208,206,0.434,6,105.0,12000,freeway,I-5,N,0,0,0
L5N-150,209,56,0.332,6,105.0,12000,freeway,I-5,N,0,0,0
L5N-151,210,209,0.561,7,105.0,14000,freeway,I-5,N,0,0,0
L5N-152,211,197,0.662,6,105.0,12000,freeway,I-5,N,0,0,0
L5N-153,212,62,0.403,7,105.0,14000,freeway,I-5,N,0,0,0
L5N-154,61,212,0.576,8,105.0,16000,freeway,I-5,N,0,0,0
L5N-155,213,141,0.721,5,105.0,10000,freeway,I-5,N,0,0,0
L5N-156,214,137,0.184,8,105.0,16000,freeway,I-5,N,0,0,0
L5N-157,215,98,0.153,6,105.0,12000,freeway,I-5,N,0,0,0
L5N-158,52,216,0.331,7,105.0,14000,freeway,I-5,N,0,0,0
L5N-159,217,110,0.827,5,105.0,10000,freeway,I-5,N,0,0,0
L5N-160,218,210,0.596,6,105.0,12000,freeway,I-5,N,0,0,0
L5N-161,49,219,0.368,7,105.0,14000,freeway,I-5,N,0,0,0
L5N-162,220,129,0.409,6,105.0,12000,freeway,I-5,N,0,0,0
L5N-163,187,220,1.681,6,105.0,12000,freeway,I-5,N,0,0,0
L5N-164,221,186,0.268,6,105.0,12000,freeway,I-5,N,0,0,0
L5N-165,222,223,0.401,7,105.0,14000,freeway,I-5,N,0,0,0
L5N-166,224,99,0.369,5,105.0,10000,freeway,I-5,N,0,0,0
L5N-167,194,225,0.594,6,105.0,12000,freeway,I-5,N,0,0,0
L5N-168,188,226,0.451,6,105.0,12000,freeway,I-5,N,0,0,0
L5N-169,150,227,0.207,7,105.0,14000,freeway,I-5,N,0,0,0
L5N-170,133,164,0.099,6,105.0,12000,freeway,I-5,N,0,0,0
L5N-171,115,228,0.458,5,105.0,10000,freeway,I-5,N,0,0,0
L5N-172,34,229,0.221,6,105.0,12000,freeway,I-5,N,0,0,0
L5N-173,230,35,0.718,5,105.0,10000,freeway,I-5,N,0,0,0
L5N-174,39,231,0.822,5,105.0,10000,freeway,I-5,N,0,0,0
L5N-175,78,21,0.355,6,105.0,12000,freeway,I-5,N,0,0,0
L5N-176,232,28,0.368,4,105.0,8000,freeway,I-5,N,0,0,0
L5N-177,233,232,0.025,5,105.0,10000,freeway,I-5,N,0,0,0
L5N-178,131,234,0.27,7,105.0,14000,freeway,I-5,N,0,0,0
L5N-179,177,235,0.094,6,105.0,12000,freeway,I-5,N,0,0,0
L5N-180,236,237,0.338,6,105.0,12000,freeway,I-5,N,0,0,0
L5N-181,107,238,0.355,6,105.0,12000,freeway,I-5,N,0,0,0
L5N-182,239,233,0.549,4,105.0,8000,freeway,I-5,N,0,0,0
L5N-183,240,241,0.017,7,105.0,14000,freeway,I-5,N,0,0,0
L5N-184,168,88,0.038,6,105.0,12000,freeway,I-5,N,0,0,0
L5N-185,229,230,0.78,5,105.0,10000,freeway,I-5,N,0,0,0
L5N-186,123,239,1.454,4,105.0,8000,freeway,I-5,N,0,0,0
L5N-187,166,134,0.204,7,105.0,14000,freeway,I-5,N,0,0,0
L5N-188,228,149,0.106,5,105.0,10000,freeway,I-5,N,0,0,0
L5N-189,238,236,0.051,6,105.0,12000,freeway,I-5,N,0,0,0
L5N-190,237,208,0.096,6,105.0,12000,freeway,I-5,N,0,0,0
L5N-191,242,151,0.513,6,105.0,12000,freeway,I-5,N,0,0,0
L5N-192,175,142,0.141,5,105.0,10000,freeway,I-5,N,0,0,0
L5N-193,235,122,0.04,6,105.0,12000,freeway,I-5,N,0,0,0
L5N-194,44,243,0.038,6,105.0,12000,freeway,I-5,N,0,0,0
L5N-195,231,92,0.084,7,105.0,14000,freeway,I-5,N,0,0,0
L5N-196,207,211,0.104,6,105.0,12000,freeway,I-5,N,0,0,0
L5N-197,12,9,0.069,5,105.0,10000,freeway,I-5,N,0,0,0
L5N-198,245,170,0.028,6,105.0,12000,freeway,I-5,N,0,0,0
L5N-199,172,246,0.044,6,105.0,12000,freeway,I-5,N,0,0,0
L5N-200,241,140,0.034,7,105.0,14000,freeway,I-5,N,0,0,0
L5N-201,169,167,0.052,6,105.0,12000,freeway,I-5,N,0,0,0
L5N-202,124,125,0.183,7,105.0,14000,freeway,I-5,N,0,0,0
L5N-203,246,245,0.033,6,105.0,12000,freeway,I-5,N,0,0,0
L5N-204,243,2,0.038,7,105.0,14000,freeway,I-5,N,0,0,0
L5N-205,91,79,0.093,6,105.0,12000,freeway,I-5,N,0,0,0
L5N-206,185,247,0.053,6,105.0,12000,freeway,I-5,N,0,0,0
L5N-207,227,148,0.078,7,105.0,14000,freeway,I-5,N,0,0,0
L5N-208,152,155,0.085,7,105.0,14000,freeway,I-5,N,0,0,0
L5N-209,25,26,1.024,7,105.0,14000,freeway,I-5,N,0,0,0
L5N-210,126,240,0.272,7,105.0,14000,freeway,I-5,N,0,0,0
L5N-211,225,248,0.142,6,105.0,12000,freeway,I-5,N,0,0,0
L5N-212,191,192,0.107,7,105.0,14000,freeway,I-5,N,0,0,0
L5N-213,75,249,0.054,6,105.0,12000,freeway,I-5,N,0,0,0
L5N-214,216,215,0.119,7,105.0,14000,freeway,I-5,N,0,0,0
L5N-215,219,218,0.061,7,105.0,14000,freeway,I-5,N,0,0,0
L5N-216,223,221,0.108,7,105.0,14000,freeway,I-5,N,0,0,0
L5N-217,82,217,0.108,6,105.0,12000,freeway,I-5,N,0,0,0
L5N-218,58,50,0.466,6,105.0,12000,freeway,I-5,N,0,0,0
L5N-219,47,42,0.074,6,105.0,12000,freeway,I-5,N,0,0,0
L5N-220,248,250,0.025,7,105.0,14000,freeway,I-5,N,0,0,0
L5N-221,1,96,0.044,6,105.0,12000,freeway,I-5,N,0,0,0
L5N-222,251,1,0.554,4,105.0,8000,freeway,I-5,N,0,0,0
L5N-223,234,45,0.575,7,105.0,14000,freeway,I-5,N,0,0,0
L5N-224,17,222,0.28,6,105.0,12000,freeway,I-5,N,0,0,0
L5N-225,252,224,0.546,5,105.0,10000,freeway,I-5,N,0,0,0
L5N-226,97,193,0.256,5,105.0,10000,freeway,I-5,N,0,0,0
L5N-227,165,40,0.044,6,105.0,12000,freeway,I-5,N,0,0,0
L5N-228,253,214,0.078,8,105.0,16000,freeway,I-5,N,0,0,0
L5N-229,65,253,0.063,9,105.0,18000,freeway,I-5,N,0,0,0
L5N-230,63,64,0.088,7,105.0,14000,freeway,I-5,N,0,0,0
L5N-231,137,213,0.061,6,105.0,12000,freeway,I-5,N,0,0,0
L5N-232,247,103,0.039,6,105.0,12000,freeway,I-5,N,0,0,0
L5N-233,226,184,0.237,5,105.0,10000,freeway,I-5,N,0,0,0
L5N-234,54,94,0.077,6,105.0,12000,freeway,I-5,N,0,0,0
L5N-235,200,204,0.566,6,105.0,12000,freeway,I-5,N,0,0,0
L5N-236,198,199,0.062,6,105.0,12000,freeway,I-5,N,0,0,0
L5N-237,205,153,0.123,6,105.0,12000,freeway,I-5,N,0,0,0
L5N-238,183,108,0.144,5,105.0,10000,freeway,I-5,N,0,0,0
L5N-239,109,242,0.219,4,105.0,8000,freeway,I-5,N,0,0,0
L5N-240,254,70,0.047,7,105.0,14000,freeway,I-5,N,0,0,0
L5N-241,69,254,0.031,7,105.0,14000,freeway,I-5,N,0,0,0
L5N-242,67,68,0.205,7,105.0,14000,freeway,I-5,N,0,0,0
L5N-243,101,73,0.126,5,105.0,10000,freeway,I-5,N,0,0,0
L5N-244,249,100,0.059,5,105.0,10000,freeway,I-5,N,0,0,0
L5N-245,203,182,0.043,6,105.0,12000,freeway,I-5,N,0,0,0
L5N-246,181,202,0.102,5,105.0,10000,freeway,I-5,N,0,0,0
L5N-247,105,127,0.072,5,105.0,10000,freeway,I-5,N,0,0,0
L5N-248,86,84,0.048,6,105.0,12000,freeway,I-5,N,0,0,0
L5N-249,250,252,0.032,5,105.0,10000,freeway,I-5,N,0,0,0
L5N-250,244,256,0.223,1,105.0,2000,freeway,I-5,N,0,0,0
L5N-251,196,244,0.031,5,105.0,10000,freeway,I-5,N,0,0,0
L5N-252,257,255,0.206,1,105.0,2000,freeway,I-5,N,0,0,0
L5N-253,256,257,0.075,1,105.0,2000,freeway,I-5,N,0,0,0
L5N-254,258,251,1.324,1,105.0,2000,freeway,I-5,N,0,0,0
L5N-255,80,251,0.013,3,105.0,6000,freeway,I-5,N,0,0,0
L5N-256,102,201,0.127,6,105.0,12000,freeway,I-5,N,0,0,0
L5N-257,259,13,0.353,5,105.0,10000,freeway,I-5,N,0,0,0
L5N-258,87,259,0.085,5,105.0,10000,freeway,I-5,N,0,0,0
CONN-260-IN,260,6,0.01,99,1000.0,999999,connector,I-5,N,0,0,0
CONN-260-OUT,6,260,0.01,99,1000.0,999999,connector,I-5,N,0,0,0
CONN-261-IN,261,8,0.01,99,1000.0,999999,connector,I-5,N,0,0,0
CONN-261-OUT,8,261,0.01,99,1000.0,999999,connector,I-5,N,0,0,0
CONN-262-IN,262,10,0.01,99,1000.0,999999,connector,I-5,N,0,0,0
CONN-262-OUT,10,262,0.01,99,1000.0,999999,connector,I-5,N,0,0,0
CONN-263-IN,263,11,0.01,99,1000.0,999999,connector,I-5,N,0,0,0
CONN-263-OUT,11,263,0.01,99,1000.0,999999,connector,I-5,N,0,0,0
CONN-264-IN,264,12,0.01,99,1000.0,999999,connector,I-5,N,0,0,0
CONN-264-OUT,12,264,0.01,99,1000.0,999999,connector,I-5,N,0,0,0
CONN-265-IN,265,14,0.01,99,1000.0,999999,connector,I-5,N,0,0,0
CONN-265-OUT,14,265,0.01,99,1000.0,999999,connector,I-5,N,0,0,0
CONN-266-IN,266,16,0.01,99,1000.0,999999,connector,I-5,N,0,0,0
CONN-266-OUT,16,266,0.01,99,1000.0,999999,connector,I-5,N,0,0,0
CONN-267-IN,267,17,0.01,99,1000.0,999999,connector,I-5,N,0,0,0
CONN-267-OUT,17,267,0.01,99,1000.0,999999,connector,I-5,N,0,0,0
CONN-268-IN,268,20,0.01,99,1000.0,999999,connector,I-5,N,0,0,0
CONN-268-OUT,20,268,0.01,99,1000.0,999999,connector,I-5,N,0,0,0
CONN-269-IN,269,22,0.01,99,1000.0,999999,connector,I-5,N,0,0,0
CONN-269-OUT,22,269,0.01,99,1000.0,999999,connector,I-5,N,0,0,0
CONN-270-IN,270,23,0.01,99,1000.0,999999,connector,I-5,N,0,0,0
CONN-270-OUT,23,270,0.01,99,1000.0,999999,connector,I-5,N,0,0,0
CONN-271-IN,271,24,0.01,99,1000.0,999999,connector,I-5,N,0,0,0
CONN-271-OUT,24,271,0.01,99,1000.0,999999,connector,I-5,N,0,0,0
CONN-272-IN,272,25,0.01,99,1000.0,999999,connector,I-5,N,0,0,0
CONN-272-OUT,25,272,0.01,99,1000.0,999999,connector,I-5,N,0,0,0
CONN-273-IN,273,26,0.01,99,1000.0,999999,connector,I-5,N,0,0,0
CONN-273-OUT,26,273,0.01,99,1000.0,999999,connector,I-5,N,0,0,0
CONN-274-IN,274,27,0.01,99,1000.0,999999,connector,I-5,N,0,0,0
CONN-274-OUT,27,274,0.01,99,1000.0,999999,connector,I-5,N,0,0,0
CONN-275-IN,275,29,0.01,99,1000.0,999999,connector,I-5,N,0,0,0
CONN-275-OUT,29,275,0.01,99,1000.0,999999,connector,I-5,N,0,0,0
CONN-276-IN,276,30,0.01,99,1000.0,999999,connector,I-5,N,0,0,0
CONN-276-OUT,30,276,0.01,99,1000.0,999999,connector,I-5,N,0,0,0
CONN-277-IN,277,31,0.01,99,1000.0,999999,connector,I-5,N,0,0,0
CONN-277-OUT,31,277,0.01,99,1000.0,999999,connector,I-5,N,0,0,0
CONN-278-IN,278,32,0.01,99,1000.0,999999,connector,I-5,N,0,0,0
CONN-278-OUT,32,278,0.01,99,1000.0,999999,connector,I-5,N,0,0,0
CONN-279-IN,279,33,0.01,99,1000.0,999999,connector,I-5,N,0,0,0
CONN-279-OUT,33,279,0.01,99,1000.0,999999,connector,I-5,N,0,0,0
CONN-280-IN,280,34,0.01,99,1000.0,999999,connector,I-5,N,0,0,0
CONN-280-OUT,34,280,0.01,99,1000.0,999999,connector,I-5,N,0,0,0
CONN-281-IN,281,35,0.01,99,1000.0,999999,connector,I-5,N,0,0,0
CONN-281-OUT,35,281,0.01,99,1000.0,999999,connector,I-5,N,0,0,0
CONN-282-IN,282,38,0.01,99,1000.0,999999,connector,I-5,N,0,0,0
CONN-282-OUT,38,282,0.01,99,1000.0,999999,connector,I-5,N,0,0,0
CONN-283-IN,283,39,0.01,99,1000.0,999999,connector,I-5,N,0,0,0
CONN-283-OUT,39,283,0.01,99,1000.0,999999,connector,I-5,N,0,0,0
CONN-284-IN,284,40,0.01,99,1000.0,999999,connector,I-5,N,0,0,0
CONN-284-OUT,40,284,0.01,99,1000.0,999999,connector,I-5,N,0,0,0
CONN-285-IN,285,41,0.01,99,1000.0,999999,connector,I-5,N,0,0,0
CONN-285-OUT,41,285,0.01,99,1000.0,999999,connector,I-5,N,0,0,0
CONN-286-IN,286,43,0.01,99,1000.0,999999,connector,I-5,N,0,0,0
CONN-286-OUT,43,286,0.01,99,1000.0,999999,connector,I-5,N,0,0,0
CONN-287-IN,287,44,0.01,99,1000.0,999999,connector,I-5,N,0,0,0
CONN-287-OUT,44,287,0.01,99,1000.0,999999,connector,I-5,N,0,0,0
CONN-288-IN,288,49,0.01,99,1000.0,999999,connector,I-5,N,0,0,0
CONN-288-OUT,49,288,0.01,99,1000.0,999999,connector,I-5,N,0,0,0
CONN-289-IN,289,51,0.01,99,1000.0,999999,connector,I-5,N,0,0,0
CONN-289-OUT,51,289,0.01,99,1000.0,999999,connector,I-5,N,0,0,0
CONN-290-IN,290,52,0.01,99,1000.0,999999,connector,I-5,N,0,0,0
CONN-290-OUT,52,290,0.01,99,1000.0,999999,connector,I-5,N,0,0,0
CONN-291-IN,291,53,0.01,99,1000.0,999999,connector,I-5,N,0,0,0
CONN-291-OUT,53,291,0.01,99,1000.0,999999,connector,I-5,N,0,0,0
CONN-292-IN,292,54,0.01,99,1000.0,999999,connector,I-5,N,0,0,0
CONN-292-OUT,54,292,0.01,99,1000.0,999999,connector,I-5,N,0,0,0
CONN-293-IN,293,57,0.01,99,1000.0,999999,connector,I-5,N,0,0,0
CONN-293-OUT,57,293,0.01,99,1000.0,999999,connector,I-5,N,0,0,0
CONN-294-IN,294,58,0.01,99,1000.0,999999,connector,I-5,N,0,0,0
CONN-294-OUT,58,294,0.01,99,1000.0,999999,connector,I-5,N,0,0,0
CONN-295-IN,295,59,0.01,99,1000.0,999999,connector,I-5,N,0,0,0
CONN-295-OUT,59,295,0.01,99,1000.0,999999,connector,I-5,N,0,0,0
CONN-296-IN,296,63,0.01,99,1000.0,999999,connector,I-5,N,0,0,0
CONN-296-OUT,63,296,0.01,99,1000.0,999999,connector,I-5,N,0,0,0
CONN-297-IN,297,64,0.01,99,1000.0,999999,connector,I-5,N,0,0,0
CONN-297-OUT,64,297,0.01,99,1000.0,999999,connector,I-5,N,0,0,0
CONN-298-IN,298,65,0.01,99,1000.0,999999,connector,I-5,N,0,0,0
CONN-298-OUT,65,298,0.01,99,1000.0,999999,connector,I-5,N,0,0,0
CONN-299-IN,299,66,0.01,99,1000.0,999999,connector,I-5,N,0,0,0
CONN-299-OUT,66,299,0.01,99,1000.0,999999,connector,I-5,N,0,0,0
CONN-300-IN,300,67,0.01,99,1000.0,999999,connector,I-5,N,0,0,0
CONN-300-OUT,67,300,0.01,99,1000.0,999999,connector,I-5,N,0,0,0
CONN-301-IN,301,68,0.01,99,1000.0,999999,connector,I-5,N,0,0,0
CONN-301-OUT,68,301,0.01,99,1000.0,999999,connector,I-5,N,0,0,0
CONN-302-IN,302,70,0.01,99,1000.0,999999,connector,I-5,N,0,0,0
CONN-302-OUT,70,302,0.01,99,1000.0,999999,connector,I-5,N,0,0,0
CONN-303-IN,303,71,0.01,99,1000.0,999999,connector,I-5,N,0,0,0
CONN-303-OUT,71,303,0.01,99,1000.0,999999,connector,I-5,N,0,0,0
CONN-304-IN,304,77,0.01,99,1000.0,999999,connector,I-5,N,0,0,0
CONN-304-OUT,77,304,0.01,99,1000.0,999999,connector,I-5,N,0,0,0
CONN-305-IN,305,78,0.01,99,1000.0,999999,connector,I-5,N,0,0,0
CONN-305-OUT,78,305,0.01,99,1000.0,999999,connector,I-5,N,0,0,0
CONN-306-IN,306,79,0.01,99,1000.0,999999,connector,I-5,N,0,0,0
CONN-306-OUT,79,306,0.01,99,1000.0,999999,connector,I-5,N,0,0,0
CONN-307-IN,307,80,0.01,99,1000.0,999999,connector,I-5,N,0,0,0
CONN-307-OUT,80,307,0.01,99,1000.0,999999,connector,I-5,N,0,0,0
CONN-308-IN,308,84,0.01,99,1000.0,999999,connector,I-5,N,0,0,0
CONN-308-OUT,84,308,0.01,99,1000.0,999999,connector,I-5,N,0,0,0
CONN-309-IN,309,85,0.01,99,1000.0,999999,connector,I-5,N,0,0,0
CONN-309-OUT,85,309,0.01,99,1000.0,999999,connector,I-5,N,0,0,0
CONN-310-IN,310,86,0.01,99,1000.0,999999,connector,I-5,N,0,0,0
CONN-310-OUT,86,310,0.01,99,1000.0,999999,connector,I-5,N,0,0,0
CONN-311-IN,311,87,0.01,99,1000.0,999999,connector,I-5,N,0,0,0
CONN-311-OUT,87,311,0.01,99,1000.0,999999,connector,I-5,N,0,0,0
CONN-312-IN,312,88,0.01,99,1000.0,999999,connector,I-5,N,0,0,0
CONN-312-OUT,88,312,0.01,99,1000.0,999999,connector,I-5,N,0,0,0
CONN-313-IN,313,89,0.01,99,1000.0,999999,connector,I-5,N,0,0,0
CONN-313-OUT,89,313,0.01,99,1000.0,999999,connector,I-5,N,0,0,0
CONN-314-IN,314,90,0.01,99,1000.0,999999,connector,I-5,N,0,0,0
CONN-314-OUT,90,314,0.01,99,1000.0,999999,connector,I-5,N,0,0,0
CONN-315-IN,315,93,0.01,99,1000.0,999999,connector,I-5,N,0,0,0
CONN-315-OUT,93,315,0.01,99,1000.0,999999,connector,I-5,N,0,0,0
CONN-316-IN,316,95,0.01,99,1000.0,999999,connector,I-5,N,0,0,0
CONN-316-OUT,95,316,0.01,99,1000.0,999999,connector,I-5,N,0,0,0
CONN-317-IN,317,98,0.01,99,1000.0,999999,connector,I-5,N,0,0,0
CONN-317-OUT,98,317,0.01,99,1000.0,999999,connector,I-5,N,0,0,0
CONN-318-IN,318,99,0.01,99,1000.0,999999,connector,I-5,N,0,0,0
CONN-318-OUT,99,318,0.01,99,1000.0,999999,connector,I-5,N,0,0,0
CONN-319-IN,319,103,0.01,99,1000.0,999999,connector,I-5,N,0,0,0
CONN-319-OUT,103,319,0.01,99,1000.0,999999,connector,I-5,N,0,0,0
CONN-320-IN,320,104,0.01,99,1000.0,999999,connector,I-5,N,0,0,0
CONN-320-OUT,104,320,0.01,99,1000.0,999999,connector,I-5,N,0,0,0
CONN-321-IN,321,106,0.01,99,1000.0,999999,connector,I-5,N,0,0,0
CONN-321-OUT,106,321,0.01,99,1000.0,999999,connector,I-5,N,0,0,0
CONN-322-IN,322,107,0.01,99,1000.0,999999,connector,I-5,N,0,0,0
CONN-322-OUT,107,322,0.01,99,1000.0,999999,connector,I-5,N,0,0,0
CONN-323-IN,323,108,0.01,99,1000.0,999999,connector,I-5,N,0,0,0
CONN-323-OUT,108,323,0.01,99,1000.0,999999,connector,I-5,N,0,0,0
CONN-324-IN,324,110,0.01,99,1000.0,999999,connector,I-5,N,0,0,0
CONN-324-OUT,110,324,0.01,99,1000.0,999999,connector,I-5,N,0,0,0
CONN-325-IN,325,111,0.01,99,1000.0,999999,connector,I-5,N,0,0,0
CONN-325-OUT,111,325,0.01,99,1000.0,999999,connector,I-5,N,0,0,0
CONN-326-IN,326,112,0.01,99,1000.0,999999,connector,I-5,N,0,0,0
CONN-326-OUT,112,326,0.01,99,1000.0,999999,connector,I-5,N,0,0,0
CONN-327-IN,327,113,0.01,99,1000.0,999999,connector,I-5,N,0,0,0
CONN-327-OUT,113,327,0.01,99,1000.0,999999,connector,I-5,N,0,0,0
CONN-328-IN,328,114,0.01,99,1000.0,999999,connector,I-5,N,0,0,0
CONN-328-OUT,114,328,0.01,99,1000.0,999999,connector,I-5,N,0,0,0
CONN-329-IN,329,115,0.01,99,1000.0,999999,connector,I-5,N,0,0,0
CONN-329-OUT,115,329,0.01,99,1000.0,999999,connector,I-5,N,0,0,0
CONN-330-IN,330,117,0.01,99,1000.0,999999,connector,I-5,N,0,0,0
CONN-330-OUT,117,330,0.01,99,1000.0,999999,connector,I-5,N,0,0,0
CONN-331-IN,331,118,0.01,99,1000.0,999999,connector,I-5,N,0,0,0
CONN-331-OUT,118,331,0.01,99,1000.0,999999,connector,I-5,N,0,0,0
CONN-332-IN,332,119,0.01,99,1000.0,999999,connector,I-5,N,0,0,0
CONN-332-OUT,119,332,0.01,99,1000.0,999999,connector,I-5,N,0,0,0
CONN-333-IN,333,120,0.01,99,1000.0,999999,connector,I-5,N,0,0,0
CONN-333-OUT,120,333,0.01,99,1000.0,999999,connector,I-5,N,0,0,0
CONN-334-IN,334,121,0.01,99,1000.0,999999,connector,I-5,N,0,0,0
CONN-334-OUT,121,334,0.01,99,1000.0,999999,connector,I-5,N,0,0,0
CONN-335-IN,335,122,0.01,99,1000.0,999999,connector,I-5,N,0,0,0
CONN-335-OUT,122,335,0.01,99,1000.0,999999,connector,I-5,N,0,0,0
CONN-336-IN,336,123,0.01,99,1000.0,999999,connector,I-5,N,0,0,0
CONN-336-OUT,123,336,0.01,99,1000.0,999999,connector,I-5,N,0,0,0
CONN-337-IN,337,128,0.01,99,1000.0,999999,connector,I-5,N,0,0,0
CONN-337-OUT,128,337,0.01,99,1000.0,999999,connector,I-5,N,0,0,0
CONN-338-IN,338,129,0.01,99,1000.0,999999,connector,I-5,N,0,0,0
CONN-338-OUT,129,338,0.01,99,1000.0,999999,connector,I-5,N,0,0,0
CONN-339-IN,339,131,0.01,99,1000.0,999999,connector,I-5,N,0,0,0
CONN-339-OUT,131,339,0.01,99,1000.0,999999,connector,I-5,N,0,0,0
CONN-340-IN,340,132,0.01,99,1000.0,999999,connector,I-5,N,0,0,0
CONN-340-OUT,132,340,0.01,99,1000.0,999999,connector,I-5,N,0,0,0
CONN-341-IN,341,133,0.01,99,1000.0,999999,connector,I-5,N,0,0,0
CONN-341-OUT,133,341,0.01,99,1000.0,999999,connector,I-5,N,0,0,0
CONN-342-IN,342,134,0.01,99,1000.0,999999,connector,I-5,N,0,0,0
CONN-342-OUT,134,342,0.01,99,1000.0,999999,connector,I-5,N,0,0,0
CONN-343-IN,343,136,0.01,99,1000.0,999999,connector,I-5,N,0,0,0
CONN-343-OUT,136,343,0.01,99,1000.0,999999,connector,I-5,N,0,0,0
CONN-344-IN,344,138,0.01,99,1000.0,999999,connector,I-5,N,0,0,0
CONN-344-OUT,138,344,0.01,99,1000.0,999999,connector,I-5,N,0,0,0
CONN-345-IN,345,139,0.01,99,1000.0,999999,connector,I-5,N,0,0,0
CONN-345-OUT,139,345,0.01,99,1000.0,999999,connector,I-5,N,0,0,0
CONN-346-IN,346,141,0.01,99,1000.0,999999,connector,I-5,N,0,0,0
CONN-346-OUT,141,346,0.01,99,1000.0,999999,connector,I-5,N,0,0,0
CONN-347-IN,347,142,0.01,99,1000.0,999999,connector,I-5,N,0,0,0
CONN-347-OUT,142,347,0.01,99,1000.0,999999,connector,I-5,N,0,0,0
CONN-348-IN,348,143,0.01,99,1000.0,999999,connector,I-5,N,0,0,0
CONN-348-OUT,143,348,0.01,99,1000.0,999999,connector,I-5,N,0,0,0
CONN-349-IN,349,146,0.01,99,1000.0,999999,connector,I-5,N,0,0,0
CONN-349-OUT,146,349,0.01,99,1000.0,999999,connector,I-5,N,0,0,0
CONN-350-IN,350,147,0.01,99,1000.0,999999,connector,I-5,N,0,0,0
CONN-350-OUT,147,350,0.01,99,1000.0,999999,connector,I-5,N,0,0,0
CONN-351-IN,351,149,0.01,99,1000.0,999999,connector,I-5,N,0,0,0
CONN-351-OUT,149,351,0.01,99,1000.0,999999,connector,I-5,N,0,0,0
CONN-352-IN,352,151,0.01,99,1000.0,999999,connector,I-5,N,0,0,0
CONN-352-OUT,151,352,0.01,99,1000.0,999999,connector,I-5,N,0,0,0
CONN-353-IN,353,154,0.01,99,1000.0,999999,connector,I-5,N,0,0,0
CONN-353-OUT,154,353,0.01,99,1000.0,999999,connector,I-5,N,0,0,0
CONN-354-IN,354,155,0.01,99,1000.0,999999,connector,I-5,N,0,0,0
CONN-354-OUT,155,354,0.01,99,1000.0,999999,connector,I-5,N,0,0,0
CONN-355-IN,355,156,0.01,99,1000.0,999999,connector,I-5,N,0,0,0
CONN-355-OUT,156,355,0.01,99,1000.0,999999,connector,I-5,N,0,0,0
CONN-356-IN,356,159,0.01,99,1000.0,999999,connector,I-5,N,0,0,0
CONN-356-OUT,159,356,0.01,99,1000.0,999999,connector,I-5,N,0,0,0
CONN-357-IN,357,164,0.01,99,1000.0,999999,connector,I-5,N,0,0,0
CONN-357-OUT,164,357,0.01,99,1000.0,999999,connector,I-5,N,0,0,0
CONN-358-IN,358,165,0.01,99,1000.0,999999,connector,I-5,N,0,0,0
CONN-358-OUT,165,358,0.01,99,1000.0,999999,connector,I-5,N,0,0,0
CONN-359-IN,359,166,0.01,99,1000.0,999999,connector,I-5,N,0,0,0
CONN-359-OUT,166,359,0.01,99,1000.0,999999,connector,I-5,N,0,0,0
CONN-360-IN,360,169,0.01,99,1000.0,999999,connector,I-5,N,0,0,0
CONN-360-OUT,169,360,0.01,99,1000.0,999999,connector,I-5,N,0,0,0
CONN-361-IN,361,170,0.01,99,1000.0,999999,connector,I-5,N,0,0,0
CONN-361-OUT,170,361,0.01,99,1000.0,999999,connector,I-5,N,0,0,0
CONN-362-IN,362,171,0.01,99,1000.0,999999,connector,I-5,N,0,0,0
CONN-362-OUT,171,362,0.01,99,1000.0,999999,connector,I-5,N,0,0,0
CONN-363-IN,363,172,0.01,99,1000.0,999999,connector,I-5,N,0,0,0
CONN-363-OUT,172,363,0.01,99,1000.0,999999,connector,I-5,N,0,0,0
CONN-364-IN,364,173,0.01,99,1000.0,999999,connector,I-5,N,0,0,0
CONN-364-OUT,173,364,0.01,99,1000.0,999999,connector,I-5,N,0,0,0
CONN-365-IN,365,174,0.01,99,1000.0,999999,connector,I-5,N,0,0,0
CONN-365-OUT,174,365,0.01,99,1000.0,999999,connector,I-5,N,0,0,0
CONN-366-IN,366,175,0.01,99,1000.0,999999,connector,I-5,N,0,0,0
CONN-366-OUT,175,366,0.01,99,1000.0,999999,connector,I-5,N,0,0,0
CONN-367-IN,367,176,0.01,99,1000.0,999999,connector,I-5,N,0,0,0
CONN-367-OUT,176,367,0.01,99,1000.0,999999,connector,I-5,N,0,0,0
CONN-368-IN,368,178,0.01,99,1000.0,999999,connector,I-5,N,0,0,0
CONN-368-OUT,178,368,0.01,99,1000.0,999999,connector,I-5,N,0,0,0
CONN-369-IN,369,180,0.01,99,1000.0,999999,connector,I-5,N,0,0,0
CONN-369-OUT,180,369,0.01,99,1000.0,999999,connector,I-5,N,0,0,0
CONN-370-IN,370,181,0.01,99,1000.0,999999,connector,I-5,N,0,0,0
CONN-370-OUT,181,370,0.01,99,1000.0,999999,connector,I-5,N,0,0,0
CONN-371-IN,371,182,0.01,99,1000.0,999999,connector,I-5,N,0,0,0
CONN-371-OUT,182,371,0.01,99,1000.0,999999,connector,I-5,N,0,0,0
CONN-372-IN,372,183,0.01,99,1000.0,999999,connector,I-5,N,0,0,0
CONN-372-OUT,183,372,0.01,99,1000.0,999999,connector,I-5,N,0,0,0
CONN-373-IN,373,184,0.01,99,1000.0,999999,connector,I-5,N,0,0,0
CONN-373-OUT,184,373,0.01,99,1000.0,999999,connector,I-5,N,0,0,0
CONN-374-IN,374,185,0.01,99,1000.0,999999,connector,I-5,N,0,0,0
CONN-374-OUT,185,374,0.01,99,1000.0,999999,connector,I-5,N,0,0,0
CONN-375-IN,375,186,0.01,99,1000.0,999999,connector,I-5,N,0,0,0
CONN-375-OUT,186,375,0.01,99,1000.0,999999,connector,I-5,N,0,0,0
CONN-376-IN,376,187,0.01,99,1000.0,999999,connector,I-5,N,0,0,0
CONN-376-OUT,187,376,0.01,99,1000.0,999999,connector,I-5,N,0,0,0
CONN-377-IN,377,188,0.01,99,1000.0,999999,connector,I-5,N,0,0,0
CONN-377-OUT,188,377,0.01,99,1000.0,999999,connector,I-5,N,0,0,0
CONN-378-IN,378,189,0.01,99,1000.0,999999,connector,I-5,N,0,0,0
CONN-378-OUT,189,378,0.01,99,1000.0,999999,connector,I-5,N,0,0,0
CONN-379-IN,379,191,0.01,99,1000.0,999999,connector,I-5,N,0,0,0
CONN-379-OUT,191,379,0.01,99,1000.0,999999,connector,I-5,N,0,0,0
CONN-380-IN,380,193,0.01,99,1000.0,999999,connector,I-5,N,0,0,0
CONN-380-OUT,193,380,0.01,99,1000.0,999999,connector,I-5,N,0,0,0
CONN-381-IN,381,194,0.01,99,1000.0,999999,connector,I-5,N,0,0,0
CONN-381-OUT,194,381,0.01,99,1000.0,999999,connector,I-5,N,0,0,0
CONN-382-IN,382,195,0.01,99,1000.0,999999,connector,I-5,N,0,0,0
CONN-382-OUT,195,382,0.01,99,1000.0,999999,connector,I-5,N,0,0,0
CONN-383-IN,383,197,0.01,99,1000.0,999999,connector,I-5,N,0,0,0
CONN-383-OUT,197,383,0.01,99,1000.0,999999,connector,I-5,N,0,0,0
CONN-384-IN,384,198,0.01,99,1000.0,999999,connector,I-5,N,0,0,0
CONN-384-OUT,198,384,0.01,99,1000.0,999999,connector,I-5,N,0,0,0
CONN-385-IN,385,199,0.01,99,1000.0,999999,connector,I-5,N,0,0,0
CONN-385-OUT,199,385,0.01,99,1000.0,999999,connector,I-5,N,0,0,0
CONN-386-IN,386,200,0.01,99,1000.0,999999,connector,I-5,N,0,0,0
CONN-386-OUT,200,386,0.01,99,1000.0,999999,connector,I-5,N,0,0,0
CONN-387-IN,387,201,0.01,99,1000.0,999999,connector,I-5,N,0,0,0
CONN-387-OUT,201,387,0.01,99,1000.0,999999,connector,I-5,N,0,0,0
CONN-388-IN,388,202,0.01,99,1000.0,999999,connector,I-5,N,0,0,0
CONN-388-OUT,202,388,0.01,99,1000.0,999999,connector,I-5,N,0,0,0
CONN-389-IN,389,203,0.01,99,1000.0,999999,connector,I-5,N,0,0,0
CONN-389-OUT,203,389,0.01,99,1000.0,999999,connector,I-5,N,0,0,0
CONN-390-IN,390,204,0.01,99,1000.0,999999,connector,I-5,N,0,0,0
CONN-390-OUT,204,390,0.01,99,1000.0,999999,connector,I-5,N,0,0,0
CONN-391-IN,391,205,0.01,99,1000.0,999999,connector,I-5,N,0,0,0
CONN-391-OUT,205,391,0.01,99,1000.0,999999,connector,I-5,N,0,0,0
CONN-392-IN,392,206,0.01,99,1000.0,999999,connector,I-5,N,0,0,0
CONN-392-OUT,206,392,0.01,99,1000.0,999999,connector,I-5,N,0,0,0
CONN-393-IN,393,207,0.01,99,1000.0,999999,connector,I-5,N,0,0,0
CONN-393-OUT,207,393,0.01,99,1000.0,999999,connector,I-5,N,0,0,0
CONN-394-IN,394,208,0.01,99,1000.0,999999,connector,I-5,N,0,0,0
CONN-394-OUT,208,394,0.01,99,1000.0,999999,connector,I-5,N,0,0,0
CONN-395-IN,395,211,0.01,99,1000.0,999999,connector,I-5,N,0,0,0
CONN-395-OUT,211,395,0.01,99,1000.0,999999,connector,I-5,N,0,0,0
CONN-396-IN,396,213,0.01,99,1000.0,999999,connector,I-5,N,0,0,0
CONN-396-OUT,213,396,0.01,99,1000.0,999999,connector,I-5,N,0,0,0
CONN-397-IN,397,215,0.01,99,1000.0,999999,connector,I-5,N,0,0,0
CONN-397-OUT,215,397,0.01,99,1000.0,999999,connector,I-5,N,0,0,0
CONN-398-IN,398,216,0.01,99,1000.0,999999,connector,I-5,N,0,0,0
CONN-398-OUT,216,398,0.01,99,1000.0,999999,connector,I-5,N,0,0,0
CONN-399-IN,399,217,0.01,99,1000.0,999999,connector,I-5,N,0,0,0
CONN-399-OUT,217,399,0.01,99,1000.0,999999,connector,I-5,N,0,0,0
CONN-400-IN,400,219,0.01,99,1000.0,999999,connector,I-5,N,0,0,0
CONN-400-OUT,219,400,0.01,99,1000.0,999999,connector,I-5,N,0,0,0
CONN-401-IN,401,220,0.01,99,1000.0,999999,connector,I-5,N,0,0,0
CONN-401-OUT,220,401,0.01,99,1000.0,999999,connector,I-5,N,0,0,0
CONN-402-IN,402,222,0.01,99,1000.0,999999,connector,I-5,N,0,0,0
CONN-402-OUT,222,402,0.01,99,1000.0,999999,connector,I-5,N,0,0,0
CONN-403-IN,403,223,0.01,99,1000.0,999999,connector,I-5,N,0,0,0
CONN-403-OUT,223,403,0.01,99,1000.0,999999,connector,I-5,N,0,0,0
CONN-404-IN,404,224,0.01,99,1000.0,999999,connector,I-5,N,0,0,0
CONN-404-OUT,224,404,0.01,99,1000.0,999999,connector,I-5,N,0,0,0
CONN-405-IN,405,225,0.01,99,1000.0,999999,connector,I-5,N,0,0,0
CONN-405-OUT,225,405,0.01,99,1000.0,999999,connector,I-5,N,0,0,0
CONN-406-IN,406,226,0.01,99,1000.0,999999,connector,I-5,N,0,0,0
CONN-406-OUT,226,406,0.01,99,1000.0,999999,connector,I-5,N,0,0,0
CONN-407-IN,407,228,0.01,99,1000.0,999999,connector,I-5,N,0,0,0
CONN-407-OUT,228,407,0.01,99,1000.0,999999,connector,I-5,N,0,0,0
CONN-408-IN,408,229,0.01,99,1000.0,999999,connector,I-5,N,0,0,0
CONN-408-OUT,229,408,0.01,99,1000.0,999999,connector,I-5,N,0,0,0
CONN-409-IN,409,230,0.01,99,1000.0,999999,connector,I-5,N,0,0,0
CONN-409-OUT,230,409,0.01,99,1000.0,999999,connector,I-5,N,0,0,0
CONN-410-IN,410,231,0.01,99,1000.0,999999,connector,I-5,N,0,0,0
CONN-410-OUT,231,410,0.01,99,1000.0,999999,connector,I-5,N,0,0,0
CONN-411-IN,411,233,0.01,99,1000.0,999999,connector,I-5,N,0,0,0
CONN-411-OUT,233,411,0.01,99,1000.0,999999,connector,I-5,N,0,0,0
CONN-412-IN,412,234,0.01,99,1000.0,999999,connector,I-5,N,0,0,0
CONN-412-OUT,234,412,0.01,99,1000.0,999999,connector,I-5,N,0,0,0
CONN-413-IN,413,237,0.01,99,1000.0,999999,connector,I-5,N,0,0,0
CONN-413-OUT,237,413,0.01,99,1000.0,999999,connector,I-5,N,0,0,0
CONN-414-IN,414,239,0.01,99,1000.0,999999,connector,I-5,N,0,0,0
CONN-414-OUT,239,414,0.01,99,1000.0,999999,connector,I-5,N,0,0,0
CONN-415-IN,415,242,0.01,99,1000.0,999999,connector,I-5,N,0,0,0
CONN-415-OUT,242,415,0.01,99,1000.0,999999,connector,I-5,N,0,0,0
CONN-416-IN,416,251,0.01,99,1000.0,999999,connector,I-5,N,0,0,0
CONN-416-OUT,251,416,0.01,99,1000.0,999999,connector,I-5,N,0,0,0
CONN-417-IN,417,252,0.01,99,1000.0,999999,connector,I-5,N,0,0,0
CONN-417-OUT,252,417,0.01,99,1000.0,999999,connector,I-5,N,0,0,0
CONN-418-IN,418,255,0.01,99,1000.0,999999,connector,I-5,N,0,0,0
CONN-418-OUT,255,418,0.01,99,1000.0,999999,connector,I-5,N,0,0,0
CONN-419-IN,419,257,0.01,99,1000.0,999999,connector,I-5,N,0,0,0
CONN-419-OUT,257,419,0.01,99,1000.0,999999,connector,I-5,N,0,0,0
CONN-420-IN,420,258,0.01,99,1000.0,999999,connector,I-5,N,0,0,0
CONN-420-OUT,258,420,0.01,99,1000.0,999999,connector,I-5,N,0,0,0
