station_id,link_id,day_type,time_of_day,mean_speed,std_speed,mean_flow,std_flow,mean_occupancy,std_occupancy,mean_density,std_density,recurrence_probability,historical_capacity_estimate
1201100,L405N-013,holiday,00:00,113.367,0.24331,1476.0,91.3893,0.0212857,0.000900793,13.0186,0.785126,1.0,6432
1201100,L405N-013,holiday,00:05,112.953,0.172046,1481.14,75.214,0.0209857,0.000900793,13.1125,0.655983,1.0,6432
1201100,L405N-013,holiday,00:10,112.7,0.258069,1460.57,65.2555,0.0207429,0.000955436,12.9596,0.5742,1.0,6432
1201100,L405N-013,holiday,00:15,112.516,0.430115,1416.0,72.0,0.0200857,0.0010961,12.584,0.620357,1.0,6432
1201100,L405N-013,holiday,00:20,112.355,0.430115,1325.14,57.9063,0.0189714,0.00100285,11.7939,0.504921,1.0,6432
1201100,L405N-013,holiday,00:25,112.194,0.583437,1272.0,67.8823,0.0182714,0.000725062,11.3358,0.564525,1.0,6432
1201100,L405N-013,holiday,00:30,112.033,0.583437,1208.57,66.3497,0.0174571,0.000826352,10.7862,0.559769,1.0,6432
1201100,L405N-013,holiday,00:35,111.964,0.497894,1188.0,56.285,0.0170143,0.00106369,10.6101,0.491538,1.0,6432
1201100,L405N-013,holiday,00:40,111.895,0.412552,1152.0,64.622,0.0168286,0.00114268,10.2955,0.581209,1.0,6432
1201100,L405N-013,holiday,00:45,111.872,0.430115,1088.57,59.4835,0.0160571,0.00106904,9.7305,0.532648,1.0,6432
1201100,L405N-013,holiday,00:50,111.803,0.497894,1028.57,42.5475,0.0151571,0.000928901,9.1997,0.376036,1.0,6432
1201100,L405N-013,holiday,00:55,111.711,0.583437,966.857,38.4856,0.0144,0.000938083,8.65481,0.33857,1.0,6432
1201100,L405N-013,holiday,01:00,111.964,0.497894,922.286,52.5031,0.0137143,0.000883984,8.23682,0.458566,1.0,6432
1201100,L405N-013,holiday,01:05,112.056,0.412552,912.0,50.9117,0.0135,0.00107703,8.13866,0.452152,1.0,6432
1201100,L405N-013,holiday,01:10,112.056,0.412552,876.0,63.498,0.0132429,0.00122591,7.81798,0.574522,1.0,6432
1201100,L405N-013,holiday,01:15,112.056,0.412552,841.714,55.1776,0.0127571,0.00111931,7.51145,0.491203,1.0,6432
1201100,L405N-013,holiday,01:20,111.987,0.327566,809.143,46.9163,0.0122429,0.00103579,7.22528,0.418549,1.0,6432
1201100,L405N-013,holiday,01:25,111.872,0.430115,769.714,38.2174,0.0118143,0.000922729,6.88042,0.344787,1.0,6432
1201100,L405N-013,holiday,01:30,111.734,0.412552,749.143,46.9163,0.0116,0.000888819,6.7047,0.42058,1.0,6432
1201100,L405N-013,holiday,01:35,111.826,0.48662,749.143,46.9163,0.0113857,0.00104471,6.69906,0.417338,1.0,6432
1201100,L405N-013,holiday,01:40,111.803,0.344092,742.286,46.6966,0.0112286,0.00111612,6.64001,0.432306,1.0,6432
1201100,L405N-013,holiday,01:45,111.941,0.369999,701.143,45.3557,0.0109286,0.00111612,6.26411,0.417019,1.0,6432
1201100,L405N-013,holiday,01:50,111.895,0.258069,694.286,43.5037,0.0107857,0.00103026,6.20517,0.396329,1.0,6432
1201100,L405N-013,holiday,01:55,111.665,0.48662,677.143,45.3557,0.0105429,0.000950188,6.06432,0.410654,1.0,6432
1201100,L405N-013,holiday,02:00,111.826,0.48662,651.429,40.8202,0.0102,0.000938083,5.82562,0.369356,1.0,6432
1201100,L405N-013,holiday,02:05,111.895,0.412552,666.857,51.3142,0.0103,0.00119164,5.96036,0.469065,1.0,6432
1201100,L405N-013,holiday,02:10,111.918,0.403484,668.571,55.7341,0.0104,0.00125698,5.97425,0.504522,1.0,6432
1201100,L405N-013,holiday,02:15,111.895,0.412552,649.714,60.1712,0.0102286,0.0011814,5.80766,0.55239,1.0,6432
1201100,L405N-013,holiday,02:20,111.895,0.570612,636.0,50.9117,0.0101429,0.0011458,5.685,0.470046,1.0,6432
1201100,L405N-013,holiday,02:25,111.734,0.412552,620.571,54.4269,0.01,0.0010583,5.55439,0.492757,1.0,6432
1201100,L405N-013,holiday,02:30,111.711,0.430115,612.0,48.0,0.00994286,0.000950188,5.47913,0.440841,1.0,6432
1201100,L405N-013,holiday,02:35,111.665,0.48662,636.0,50.9117,0.0101714,0.00100285,5.69647,0.467891,1.0,6432
1201100,L405N-013,holiday,02:40,111.574,0.412552,646.286,52.5031,0.0103714,0.00107504,5.79363,0.486408,1.0,6432
1201100,L405N-013,holiday,02:45,111.482,0.344092,636.0,50.9117,0.0102857,0.00103026,5.70582,0.46896,1.0,6432
1201100,L405N-013,holiday,02:50,111.344,0.327566,606.857,34.5419,0.0101143,0.000954688,5.45063,0.316413,1.0,6432
1201100,L405N-013,holiday,02:55,111.367,0.455191,594.857,34.5419,0.00978571,0.000831522,5.34218,0.324941,1.0,6432
1201100,L405N-013,holiday,03:00,111.298,0.369999,574.286,29.7417,0.00964286,0.000750238,5.16057,0.28161,1.0,6432
1201100,L405N-013,holiday,03:05,111.459,0.516138,593.143,30.0856,0.00994286,0.000750238,5.32231,0.284392,1.0,6432
1201100,L405N-013,holiday,03:10,111.436,0.403484,627.429,30.7618,0.0104143,0.000825487,5.63103,0.289305,1.0,6432
1201100,L405N-013,holiday,03:15,111.39,0.430115,668.571,22.6779,0.0108143,0.000755929,6.00241,0.213377,1.0,6432
1201100,L405N-013,holiday,03:20,111.528,0.455191,696.0,31.749,0.0114571,0.000776439,6.24117,0.298451,1.0,6432
1201100,L405N-013,holiday,03:25,111.554,0.328506,752.0,19.5959,0.0119167,0.000722265,6.74128,0.182421,1.0,6432
1201100,L405N-013,holiday,03:30,111.635,0.242294,800.0,28.0571,0.0128,0.000797496,7.16653,0.26106,1.0,6432
1201100,L405N-013,holiday,03:35,111.769,0.0881474,878.0,33.4425,0.01375,0.000956556,7.85566,0.304563,1.0,6432
1201100,L405N-013,holiday,03:40,111.93,0.0881474,950.0,45.1664,0.0145833,0.000984717,8.48771,0.409735,1.0,6432
1201100,L405N-013,holiday,03:45,112.01,1.70598e-06,970.0,32.5699,0.0151667,0.000852447,8.65991,0.290776,1.0,6432
1201100,L405N-013,holiday,03:50,111.93,0.0881474,968.0,28.0571,0.0153,0.000883176,8.64815,0.245314,1.0,6432
1201100,L405N-013,holiday,03:55,111.715,0.0657012,942.0,14.6969,0.0150167,0.000691134,8.43209,0.126477,1.0,6432
1201100,L405N-013,holiday,04:00,111.796,0.0831062,946.0,14.0285,0.0152833,0.00056006,8.46187,0.126276,1.0,6432
1201100,L405N-013,holiday,04:05,111.715,0.158229,1040.0,6.19677,0.0165833,0.000534478,9.30933,0.0436999,1.0,6432
1201100,L405N-013,holiday,04:10,112.118,0.242294,1188.0,13.1453,0.0187167,0.000567157,10.5963,0.139578,1.0,6432
1201100,L405N-013,holiday,04:15,112.252,0.0881474,1348.0,6.19677,0.0207667,0.000733939,12.0087,0.0489698,1.0,6432
1201100,L405N-013,holiday,04:20,112.547,0.0831062,1482.0,14.6969,0.0225333,0.000816497,13.1679,0.134023,1.0,6432
1201100,L405N-013,holiday,04:25,112.654,0.176295,1648.0,24.7871,0.02475,0.000956556,14.6287,0.204314,1.0,6432
1201100,L405N-013,holiday,04:30,112.869,0.242294,1856.0,23.5966,0.0278833,0.000895358,16.4437,0.190259,1.0,6432
1201100,L405N-013,holiday,04:35,113.03,0.415531,2148.0,37.1806,0.0317833,0.000932559,19.0033,0.275621,1.0,6432
1201100,L405N-013,holiday,04:40,113.378,0.474688,2458.0,39.0077,0.0353167,0.00115138,21.6789,0.268577,1.0,6432
1201100,L405N-013,holiday,04:45,113.539,0.474688,2576.0,49.5742,0.03705,0.00127867,22.6871,0.350499,1.0,6432
1201100,L405N-013,holiday,04:50,113.539,0.474688,2580.0,41.5692,0.0376167,0.00118054,22.7229,0.312531,1.0,6432
1201100,L405N-013,holiday,04:55,113.137,0.394207,2496.0,41.5692,0.0368833,0.00127815,22.0612,0.317179,1.0,6432
1201100,L405N-013,holiday,05:00,113.378,0.31782,2550.0,39.98,0.0377833,0.00117714,22.4907,0.312668,1.0,6432
1201100,L405N-013,holiday,05:05,113.378,0.31782,2752.0,47.1932,0.0407333,0.00132916,24.2721,0.361731,1.0,6432
1201100,L405N-013,holiday,05:10,113.244,0.316459,3020.0,39.1918,0.0447667,0.0014208,26.6683,0.360034,1.0,6432
1201100,L405N-013,holiday,05:15,113.298,0.394207,3332.0,61.9677,0.0489833,0.00181264,29.4086,0.495229,1.0,6432
1201100,L405N-013,holiday,05:20,113.244,0.484588,3598.0,70.9591,0.0529667,0.00177276,31.7717,0.58558,1.0,6432
1201100,L405N-013,holiday,05:25,113.137,0.557493,3838.0,91.2053,0.0565,0.00206688,33.922,0.701652,1.0,6432
1201100,L405N-013,holiday,05:30,112.976,0.557493,4090.0,79.3877,0.06035,0.00200873,36.201,0.584401,1.0,6432
1201100,L405N-013,holiday,05:35,112.842,0.570504,4416.0,76.6499,0.0650667,0.00215561,39.1333,0.561556,1.0,6432
1201100,L405N-013,holiday,05:40,112.842,0.570504,4776.0,117.576,0.0703833,0.00207115,42.3229,0.920703,1.0,6432
1201100,L405N-013,holiday,05:45,112.869,0.59058,4978.0,126.636,0.0728,0.00273861,44.1025,1.00039,1.0,6432
1201100,L405N-013,holiday,05:50,112.949,0.678347,4956.0,124.013,0.0718333,0.00255003,43.8762,0.958223,1.0,6432
1201100,L405N-013,holiday,05:55,112.922,0.657012,4758.0,125.571,0.0699,0.00254794,42.132,0.923933,1.0,6432
1201100,L405N-013,holiday,06:00,110.186,0.316459,4698.0,125.571,0.0701667,0.0026455,42.6347,1.0284,1.0,6432
1201100,L405N-013,holiday,06:05,108.362,0.0831062,4944.0,142.189,0.0744,0.00267432,45.6238,1.27728,1.0,6432
1201100,L405N-013,holiday,06:10,107.209,0.121147,5272.0,154.919,0.0796167,0.00297349,49.1738,1.39677,1.0,6432
1201100,L405N-013,holiday,06:15,106.565,0.121147,5568.0,148.723,0.0847333,0.00299911,52.2485,1.34415,1.0,6432
1201100,L405N-013,holiday,06:20,106.109,0.0831062,5728.0,164.477,0.0871,0.00317679,53.981,1.50711,1.0,6432
1201100,L405N-013,holiday,06:25,105.922,0.121147,5832.0,148.723,0.08885,0.00298848,55.0585,1.34959,1.0,6432
1201100,L405N-013,holiday,06:30,105.788,0.0831062,5952.0,130.132,0.0912167,0.00278239,56.2629,1.18533,1.0,6432
1201100,L405N-013,holiday,06:35,105.492,0.0881474,6136.0,141.308,0.0954167,0.00278239,58.1645,1.29728,1.0,6432
1201100,L405N-013,holiday,06:40,105.332,0.0881474,6340.0,137.591,0.0996167,0.00341316,60.1902,1.26615,1.0,6432
1201100,L405N-013,holiday,06:45,105.332,0.0881474,6396.0,142.189,0.100817,0.0040057,60.7218,1.30761,1.0,6432
1201100,L405N-013,holiday,06:50,105.358,0.131402,6274.0,124.573,0.09885,0.00341921,59.5486,1.1479,1.0,6432
1201100,L405N-013,holiday,06:55,105.412,0.176295,6110.0,112.421,0.0963,0.00282701,57.9619,0.98615,1.0,6432
1201100,L405N-013,holiday,07:00,105.492,0.0881474,6074.0,135.215,0.0954833,0.00344117,57.5768,1.23886,1.0,6432
1201100,L405N-013,holiday,07:05,105.09,0.176295,6146.0,100.519,0.0981667,0.00317091,58.482,0.865031,1.0,6432
1201100,L405N-013,holiday,07:10,104.634,0.0657012,6298.0,111.907,0.101767,0.00306246,60.1906,1.06813,1.0,6432
1201100,L405N-013,holiday,07:15,104.205,0.0881474,6388.0,113.758,0.104233,0.00360537,61.3015,1.04177,1.0,6432
1201100,L405N-013,holiday,07:20,103.883,0.197104,6414.0,140.508,0.105333,0.0038271,61.742,1.32634,1.0,6432
1201100,L405N-013,holiday,07:25,103.508,0.31234,6408.0,132.109,0.105933,0.00373238,61.9071,1.17862,1.0,6432
1201100,L405N-013,holiday,07:30,103.239,0.197104,6412.0,113.758,0.106917,0.0037632,62.1079,1.08649,1.0,6432
1201100,L405N-013,holiday,07:35,102.971,0.29529,6464.0,127.147,0.108467,0.00335241,62.7755,1.26007,1.0,6432
1201100,L405N-013,holiday,07:40,102.542,0.412403,6480.0,132.109,0.1093,0.00352761,63.1937,1.27092,1.0,6432
1201100,L405N-013,holiday,07:45,102.757,0.363441,6472.0,109.894,0.108667,0.00332365,62.985,1.1285,1.0,6432
1201100,L405N-013,holiday,07:50,102.623,0.262805,6354.0,125.571,0.106367,0.0034448,61.9152,1.14613,1.0,6432
1201100,L405N-013,holiday,07:55,102.408,0.299644,6198.0,124.881,0.103283,0.00329085,60.5225,1.1982,1.0,6432
1201100,L405N-013,holiday,08:00,102.408,0.376279,6132.0,118.308,0.101417,0.00343536,59.8766,1.03298,1.0,6432
1201100,L405N-013,holiday,08:05,102.14,0.505515,6132.0,119.036,0.101833,0.00373238,60.0343,1.05466,1.0,6432
1201100,L405N-013,holiday,08:10,101.952,0.440737,6158.0,148.416,0.102733,0.00431633,60.3995,1.35311,1.0,6432
1201100,L405N-013,holiday,08:15,101.764,0.299644,6196.0,135.906,0.103367,0.00421363,60.8858,1.31897,1.0,6432
1201100,L405N-013,holiday,08:20,101.845,0.29529,6196.0,135.906,0.103033,0.00446393,60.8386,1.36992,1.0,6432
1201100,L405N-013,holiday,08:25,101.791,0.363441,6152.0,140.491,0.102233,0.00393277,60.4395,1.46175,1.0,6432
1201100,L405N-013,holiday,08:30,101.576,0.277194,6132.0,118.308,0.102217,0.00403109,60.3701,1.26039,1.0,6432
1201100,L405N-013,holiday,08:35,101.523,0.29529,6136.0,123.002,0.102417,0.00357459,60.4402,1.22965,1.0,6432
1201100,L405N-013,holiday,08:40,101.335,0.242294,6172.0,109.894,0.103083,0.00370158,60.9075,1.11791,1.0,6432
1201100,L405N-013,holiday,08:45,101.335,0.242294,6178.0,130.445,0.102617,0.00350509,60.9673,1.3493,1.0,6432
1201100,L405N-013,holiday,08:50,101.469,0.0881474,6050.0,147.051,0.09985,0.00414572,59.6251,1.50093,1.0,6432
1201100,L405N-013,holiday,08:55,101.496,0.0831062,5912.0,144.532,0.0972333,0.00358143,58.2495,1.46551,1.0,6432
1201100,L405N-013,holiday,09:00,101.201,0.121147,5812.0,152.105,0.09555,0.00386251,57.431,1.53473,1.0,6432
1201100,L405N-013,holiday,09:05,101.12,0.166212,5774.0,176.594,0.0945333,0.00387023,57.1023,1.82619,1.0,6432
1201100,L405N-013,holiday,09:10,100.718,0.121147,5812.0,152.105,0.0952667,0.0034535,57.7063,1.54224,1.0,6432
1201100,L405N-013,holiday,09:15,100.53,0.262805,5848.0,176.145,0.0958667,0.00359648,58.1705,1.70509,1.0,6432
1201100,L405N-013,holiday,09:20,100.45,0.236889,5892.0,171.394,0.09625,0.00351269,58.6562,1.70633,1.0,6432
1201100,L405N-013,holiday,09:25,100.343,0.197104,5862.0,177.462,0.0953667,0.00384794,58.4188,1.72063,1.0,6432
1201100,L405N-013,holiday,09:30,100.262,0.249319,5880.0,157.744,0.0959833,0.00341082,58.6443,1.47412,1.0,6432
1201100,L405N-013,holiday,09:35,100.369,0.131402,5874.0,191.06,0.0956667,0.00369955,58.5221,1.83813,1.0,6432
1201100,L405N-013,holiday,09:40,100.289,0.213908,5912.0,166.565,0.0963833,0.00359968,58.947,1.53941,1.0,6432
1201100,L405N-013,holiday,09:45,100.262,0.176295,5912.0,141.308,0.0967167,0.00341902,58.9635,1.30654,1.0,6432
1201100,L405N-013,holiday,09:50,100.208,0.131402,5860.0,122.768,0.0951167,0.00341902,58.477,1.15847,1.0,6432
1201100,L405N-013,holiday,09:55,100.289,0.0657012,5722.0,142.677,0.09255,0.00367628,57.0548,1.40424,1.0,6432
1201100,L405N-013,holiday,10:00,100.45,0.0657012,5612.0,154.361,0.09005,0.00378563,55.8682,1.51689,1.0,6432
1201100,L405N-013,holiday,10:05,100.289,0.0657012,5580.0,175.381,0.0897333,0.00423021,55.6386,1.72533,1.0,6432
1201100,L405N-013,holiday,10:10,100.235,0.0657012,5636.0,169.309,0.09075,0.003895,56.2283,1.71196,1.0,6432
1201100,L405N-013,holiday,10:15,100.101,0.0,5680.0,163.6,0.0917833,0.00405483,56.7426,1.63434,1.0,6432
1201100,L405N-013,holiday,10:20,100.048,0.0831062,5724.0,159.92,0.0921167,0.0036799,57.2135,1.62628,1.0,6432
1201100,L405N-013,holiday,10:25,100.021,0.0881474,5726.0,178.541,0.0919167,0.00402215,57.2494,1.83407,1.0,6432
1201100,L405N-013,holiday,10:30,100.021,0.0881474,5726.0,162.85,0.0919,0.00408999,57.2493,1.67778,1.0,6432
1201100,L405N-013,holiday,10:35,100.021,0.0881474,5770.0,146.659,0.0925833,0.00383688,57.6891,1.51577,1.0,6432
1201100,L405N-013,holiday,10:40,100.101,0.176295,5788.0,163.6,0.09305,0.00400437,57.824,1.73536,1.0,6432
1201100,L405N-013,holiday,10:45,100.048,0.0831062,5818.0,159.454,0.09375,0.00392721,58.153,1.61978,1.0,6432
1201100,L405N-013,holiday,10:50,99.9939,0.0831062,5772.0,137.241,0.0923667,0.00369306,57.7231,1.35085,1.0,6432
1201100,L405N-013,holiday,10:55,100.074,0.158229,5702.0,140.644,0.09115,0.003749,56.9763,1.33793,1.0,6432
1201100,L405N-013,holiday,11:00,100.155,0.0831062,5662.0,146.659,0.0902833,0.00384989,56.532,1.441,1.0,6432
1201100,L405N-013,holiday,11:05,99.9403,0.176295,5664.0,149.88,0.0907,0.00370675,56.6719,1.40332,1.0,6432
1201100,L405N-013,holiday,11:10,99.8598,0.0881474,5732.0,172.177,0.0918,0.00425394,57.3993,1.67514,1.0,6432
1201100,L405N-013,holiday,11:15,99.833,0.0831062,5788.0,169.139,0.09325,0.00407124,57.9763,1.6723,1.0,6432
1201100,L405N-013,holiday,11:20,99.833,0.0831062,5816.0,163.6,0.0934,0.00441044,58.2569,1.61973,1.0,6432
1201100,L405N-013,holiday,11:25,99.833,0.0831062,5792.0,172.177,0.09295,0.00433117,58.0163,1.70131,1.0,6432
1201100,L405N-013,holiday,11:30,99.8866,0.166212,5780.0,163.6,0.0928,0.00451664,57.8648,1.60139,1.0,6432
1201100,L405N-013,holiday,11:35,99.8866,0.166212,5818.0,159.454,0.0934167,0.00449374,58.245,1.5476,1.0,6432
1201100,L405N-013,holiday,11:40,99.8866,0.166212,5848.0,165.872,0.0939333,0.00457019,58.5453,1.61079,1.0,6432
1201100,L405N-013,holiday,11:45,99.8866,0.166212,5850.0,168.983,0.0940333,0.00467618,58.5653,1.64388,1.0,6432
1201100,L405N-013,holiday,11:50,99.9671,0.121147,5794.0,162.85,0.0931833,0.00454683,57.9592,1.6357,1.0,6432
1201100,L405N-013,holiday,11:55,100.048,0.131402,5732.0,172.177,0.0924,0.00436532,57.2941,1.7728,1.0,6432
1201100,L405N-013,holiday,12:00,100.182,0.197104,5724.0,166.277,0.09135,0.00432285,57.1383,1.74349,1.0,6432
1201100,L405N-013,holiday,12:05,99.9403,0.176295,5772.0,158.836,0.0924167,0.00460279,57.7556,1.63685,1.0,6432
1201100,L405N-013,holiday,12:10,99.9134,0.236889,5844.0,183.093,0.0941167,0.00512149,58.4926,1.90584,1.0,6432
1201100,L405N-013,holiday,12:15,99.9134,0.236889,5916.0,178.796,0.0952667,0.00510712,59.213,1.85482,1.0,6432
1201100,L405N-013,holiday,12:20,99.9134,0.236889,5934.0,176.975,0.0954,0.0051672,59.3934,1.84746,1.0,6432
1201100,L405N-013,holiday,12:25,99.8866,0.299644,5926.0,185.192,0.0948833,0.00509918,59.3295,1.93159,1.0,6432
1201100,L405N-013,holiday,12:30,99.9403,0.394207,5914.0,175.449,0.0947833,0.00513709,59.18,1.92641,1.0,6432
1201100,L405N-013,holiday,12:35,99.9939,0.427815,5922.0,156.231,0.09505,0.00487227,59.2274,1.71094,1.0,6432
1201100,L405N-013,holiday,12:40,99.8598,0.363441,5956.0,165.872,0.0957667,0.00496655,59.6465,1.77198,1.0,6432
1201100,L405N-013,holiday,12:45,99.9134,0.412403,5956.0,165.872,0.0956,0.0048212,59.6141,1.75031,1.0,6432
1201100,L405N-013,holiday,12:50,99.9671,0.471037,5922.0,156.231,0.0948667,0.00474201,59.2418,1.64581,1.0,6432
1201100,L405N-013,holiday,12:55,100.101,0.528884,5870.0,153.19,0.0938333,0.00481733,58.644,1.65414,1.0,6432
1201100,L405N-013,holiday,13:00,100.262,0.528884,5844.0,166.277,0.09285,0.00485005,58.2909,1.78879,1.0,6432
1201100,L405N-013,holiday,13:05,100.155,0.415531,5910.0,168.983,0.0941333,0.00476935,59.01,1.73264,1.0,6432
1201100,L405N-013,holiday,13:10,100.128,0.471037,5960.0,172.177,0.09555,0.00509971,59.5262,1.80181,1.0,6432
1201100,L405N-013,holiday,13:15,100.048,0.473778,6018.0,168.983,0.0967667,0.00490252,60.1549,1.8158,1.0,6432
1201100,L405N-013,holiday,13:20,100.048,0.473778,6050.0,149.96,0.0968,0.00492341,60.4743,1.6205,1.0,6432
1201100,L405N-013,holiday,13:25,99.9939,0.427815,6036.0,158.291,0.0965333,0.00504764,60.3666,1.69492,1.0,6432
1201100,L405N-013,holiday,13:30,100.074,0.459908,6058.0,157.089,0.09655,0.00521833,60.5395,1.74691,1.0,6432
1201100,L405N-013,holiday,13:35,100.048,0.473778,6124.0,162.363,0.0979833,0.00544552,61.2132,1.70202,1.0,6432
1201100,L405N-013,holiday,13:40,99.9403,0.557493,6250.0,131.106,0.100483,0.00521897,62.5419,1.51404,1.0,6432
1201100,L405N-013,holiday,13:45,99.7793,0.63564,6250.0,129.337,0.1008,0.00530924,62.644,1.54724,1.0,6432
1201100,L405N-013,holiday,13:50,99.9403,0.63564,6196.0,135.906,0.0997833,0.00548066,62.003,1.60651,1.0,6432
1201100,L405N-013,holiday,13:55,99.8598,0.564419,6098.0,147.051,0.0983667,0.00558951,61.0724,1.74513,1.0,6432
1201100,L405N-013,holiday,14:00,100.101,0.498637,6056.0,140.285,0.09685,0.00562983,60.5043,1.63612,1.0,6432
1201100,L405N-013,holiday,14:05,99.9939,0.505515,6138.0,124.881,0.0983833,0.00548322,61.3881,1.45361,1.0,6432
1201100,L405N-013,holiday,14:10,99.9671,0.570504,6280.0,109.632,0.101783,0.00538086,62.8252,1.3256,1.0,6432
1201100,L405N-013,holiday,14:15,99.8598,0.688453,6326.0,94.3101,0.1025,0.00569631,63.355,1.28513,1.0,6432
1201100,L405N-013,holiday,14:20,99.7793,0.747956,6316.0,83.7138,0.1027,0.00564659,63.3068,1.24955,1.0,6432
1201100,L405N-013,holiday,14:25,99.8062,0.685941,6284.0,101.161,0.102083,0.00551377,62.9684,1.34338,1.0,6432
1201100,L405N-013,holiday,14:30,99.7793,0.747956,6238.0,89.9333,0.101633,0.00556585,62.5247,1.26821,1.0,6432
1201100,L405N-013,holiday,14:35,99.7525,0.810551,6348.0,95.6995,0.1041,0.00526726,63.6441,1.28485,1.0,6432
1201100,L405N-013,holiday,14:40,99.5916,0.940698,6508.0,80.5581,0.107717,0.00544662,65.3525,1.06877,1.0,6432
1201100,L405N-013,holiday,14:45,99.2697,0.940698,6532.0,61.9677,0.109117,0.00537454,65.806,0.929297,1.0,6432
1201100,L405N-013,holiday,14:50,99.0015,1.06954,6386.0,83.2827,0.107533,0.0063519,64.5127,1.24233,1.0,6432
1201100,L405N-013,holiday,14:55,99.0283,1.15903,6280.0,105.891,0.105483,0.00671667,63.4295,1.61407,1.0,6432
1201100,L405N-013,holiday,15:00,99.2161,1.10448,6172.0,101.161,0.10285,0.0062673,62.2207,1.58013,1.0,6432
1201100,L405N-013,holiday,15:05,99.3502,1.08038,6246.0,64.7333,0.104117,0.00609637,62.8788,1.22768,1.0,6432
1201100,L405N-013,holiday,15:10,99.2697,0.999436,6368.0,68.1645,0.107333,0.00588784,64.1559,1.09535,1.0,6432
1201100,L405N-013,holiday,15:15,99.1088,0.999436,6422.0,63.2329,0.109083,0.00580152,64.802,0.827328,1.0,6432
1201100,L405N-013,holiday,15:20,99.0015,1.13075,6352.0,61.9677,0.108317,0.0063895,64.1697,1.11676,1.0,6432
1201100,L405N-013,holiday,15:25,99.0015,1.13075,6324.0,65.7267,0.107517,0.00662734,63.8861,1.08484,1.0,6432
1201100,L405N-013,holiday,15:30,99.1088,1.16237,6292.0,53.4864,0.1062,0.00638749,63.4944,1.0208,1.0,6432
1201100,L405N-013,holiday,15:35,99.1088,1.16237,6370.0,50.008,0.107933,0.00651971,64.2809,0.963486,1.0,6432
1201100,L405N-013,holiday,15:40,98.626,1.16237,6488.0,61.5012,0.11135,0.00586166,65.7889,0.764218,1.0,6432
1201100,L405N-013,holiday,15:45,98.3309,1.11499,6476.0,63.7997,0.112917,0.00562829,65.8628,0.657846,1.0,6432
1201100,L405N-013,holiday,15:50,98.1163,1.3258,6396.0,54.1996,0.1115,0.00692301,65.198,1.04974,1.0,6432
1201100,L405N-013,holiday,15:55,98.2773,1.49822,6296.0,49.5742,0.10915,0.00673788,64.0796,1.32437,1.0,6432
1201100,L405N-013,holiday,16:00,98.626,1.4588,6256.0,53.4864,0.10705,0.00717851,63.4479,1.37937,1.0,6432
1201100,L405N-013,holiday,16:05,98.7869,1.44094,6332.0,41.3376,0.1082,0.00647148,64.1114,1.19959,1.0,6432
1201100,L405N-013,holiday,16:10,98.7064,1.5324,6462.0,52.9906,0.111867,0.00595505,65.4814,1.24602,1.0,6432
1201100,L405N-013,holiday,16:15,98.4382,1.83682,6464.0,48.9898,0.113117,0.0067354,65.687,1.46293,1.0,6432
1201100,L405N-013,holiday,16:20,98.3309,1.97104,6408.0,26.2907,0.11315,0.00658931,65.1904,1.38575,1.0,6432
1201100,L405N-013,holiday,16:25,98.3846,2.10982,6358.0,45.1664,0.111767,0.0074215,64.6526,1.65715,1.0,6432
1201100,L405N-013,holiday,16:30,98.5723,2.31376,6304.0,35.327,0.110117,0.00726235,63.9878,1.7967,1.0,6432
1201100,L405N-013,holiday,16:35,98.8137,2.22997,6340.0,24.7871,0.110333,0.00729868,64.1928,1.68788,1.0,6432
1201100,L405N-013,holiday,16:40,98.7869,2.29729,6448.0,19.5959,0.1124,0.0069282,65.3011,1.5264,1.0,6432
1201100,L405N-013,holiday,16:45,98.7333,2.60445,6448.0,19.5959,0.113317,0.00741901,65.3454,1.74688,1.0,6432
1201100,L405N-013,holiday,16:50,98.6528,2.9182,6394.0,32.5699,0.112483,0.00796176,64.8669,2.194,1.0,6432
1201100,L405N-013,holiday,16:55,99.0819,2.76258,6334.0,24.4949,0.1104,0.00834913,63.9744,2.04383,1.0,6432
1201100,L405N-013,holiday,17:00,99.5647,2.76258,6280.0,44.0363,0.10745,0.00861458,63.1252,2.19463,1.0,6432
1201100,L405N-013,holiday,17:05,99.6452,2.52296,6366.0,46.0087,0.10915,0.00756908,63.9299,2.05985,1.0,6432
1201100,L405N-013,holiday,17:10,99.3502,2.52347,6524.0,12.3935,0.114117,0.00687907,65.705,1.80935,1.0,6432
1201100,L405N-013,holiday,17:15,98.4114,3.10524,6536.0,24.7871,0.116233,0.00730169,66.4646,1.88266,1.0,6432
1201100,L405N-013,holiday,17:20,97.2044,4.26765,6448.0,12.3935,0.117017,0.00720928,66.4394,2.86698,1.0,6432
1201100,L405N-013,holiday,17:25,96.3461,5.09394,6372.0,18.5903,0.116283,0.00808837,66.297,3.64513,1.0,6432
1201100,L405N-013,holiday,17:30,95.9705,6.05735,6294.0,35.3949,0.114267,0.00881854,65.8196,4.51358,1.0,6432
1201100,L405N-013,holiday,17:35,96.1047,6.1547,6260.0,28.0571,0.113183,0.00985442,65.3731,4.42495,1.0,6432
1201100,L405N-013,holiday,17:40,96.507,5.95385,6266.0,23.2895,0.112017,0.00929719,65.1428,4.18512,1.0,6432
1201100,L405N-013,holiday,17:45,97.6067,5.30718,6234.0,32.8634,0.109983,0.00934032,64.0437,3.87131,1.0,6432
1201100,L405N-013,holiday,17:50,98.5991,4.8266,6186.0,60.597,0.106683,0.00849504,62.891,3.73891,1.0,6432
1201100,L405N-013,holiday,17:55,99.9939,3.78338,6090.0,73.4847,0.1018,0.00839786,60.9982,3.02187,1.0,6432
1201100,L405N-013,holiday,18:00,101.684,2.9717,6020.0,90.3327,0.0976333,0.00832987,59.2653,2.58677,1.0,6432
1201100,L405N-013,holiday,18:05,102.649,2.34858,6012.0,108.399,0.0963833,0.00739876,58.6115,2.33428,1.0,6432
1201100,L405N-013,holiday,18:10,103.454,1.73456,6142.0,82.5881,0.09735,0.00642145,59.3933,1.75495,1.0,6432
1201100,L405N-013,holiday,18:15,104.044,1.43494,6150.0,89.398,0.0969167,0.00627516,59.1276,1.62945,1.0,6432
1201100,L405N-013,holiday,18:20,104.581,1.24,6114.0,106.185,0.09515,0.00593389,58.4776,1.65771,1.0,6432
1201100,L405N-013,holiday,18:25,105.197,0.963817,6014.0,109.566,0.0927333,0.00566274,57.1788,1.48503,1.0,6432
1201100,L405N-013,holiday,18:30,105.761,0.670667,5920.0,150.008,0.0904667,0.005432,55.9817,1.65448,1.0,6432
1201100,L405N-013,holiday,18:35,106.217,0.63564,5864.0,183.041,0.0884667,0.00526941,55.2156,1.97486,1.0,6432
1201100,L405N-013,holiday,18:40,106.619,0.440737,5846.0,174.461,0.0873,0.00534977,54.8355,1.80362,1.0,6432
1201100,L405N-013,holiday,18:45,106.914,0.316459,5766.0,204.176,0.0853833,0.00549014,53.9336,1.98498,1.0,6432
1201100,L405N-013,holiday,18:50,107.209,0.277194,5618.0,238.968,0.0826,0.00573411,52.4052,2.30848,1.0,6432
1201100,L405N-013,holiday,18:55,107.692,0.277194,5468.0,259.119,0.0796667,0.005879,50.7772,2.47022,1.0,6432
1201100,L405N-013,holiday,19:00,108.228,0.31782,5400.0,289.496,0.0780333,0.00628066,49.9001,2.79421,1.0,6432
1201100,L405N-013,holiday,19:05,108.523,0.316459,5374.0,287.842,0.0776,0.00591642,49.5254,2.78241,1.0,6432
1201100,L405N-013,holiday,19:10,108.658,0.328506,5410.0,300.28,0.0779667,0.00599021,49.7966,2.91093,1.0,6432
1201100,L405N-013,holiday,19:15,108.738,0.242294,5398.0,287.842,0.0776833,0.00579048,49.6471,2.75215,1.0,6432
1201100,L405N-013,holiday,19:20,108.872,0.264442,5298.0,298.388,0.0763,0.00592453,48.6683,2.85804,1.0,6432
1201100,L405N-013,holiday,19:25,108.953,0.176295,5192.0,303.357,0.0743,0.00571314,47.6575,2.86023,1.0,6432
1201100,L405N-013,holiday,19:30,109.033,0.0881474,5078.0,312.5,0.07245,0.00560098,46.5749,2.90291,1.0,6432
1201100,L405N-013,holiday,19:35,109.194,0.0881474,4998.0,306.106,0.0711,0.00539444,45.77,2.7675,1.0,6432
1201100,L405N-013,holiday,19:40,109.194,0.264442,4970.0,299.704,0.0708667,0.00506662,45.5102,2.63732,1.0,6432
1201100,L405N-013,holiday,19:45,109.248,0.158229,4904.0,306.098,0.0699333,0.00514458,44.8862,2.74942,1.0,6432
1201100,L405N-013,holiday,19:50,109.274,0.176295,4820.0,296.734,0.0683833,0.00523848,44.1057,2.64695,1.0,6432
1201100,L405N-013,holiday,19:55,109.194,0.264442,4692.0,353.949,0.0667333,0.00563619,42.9633,3.14062,1.0,6432
1201100,L405N-013,holiday,20:00,109.435,0.176295,4600.0,328.429,0.0653167,0.00539645,42.0301,2.93499,1.0,6432
1201100,L405N-013,holiday,20:05,109.435,0.176295,4580.0,334.769,0.0652167,0.00526704,41.8473,2.99353,1.0,6432
1201100,L405N-013,holiday,20:10,109.248,0.158229,4628.0,329.217,0.06595,0.00516866,42.3595,2.96196,1.0,6432
1201100,L405N-013,holiday,20:15,109.194,0.0881474,4632.0,332.813,0.0661,0.00540777,42.4179,3.01405,1.0,6432
1201100,L405N-013,holiday,20:20,109.087,0.158229,4544.0,344.604,0.06515,0.00536796,41.6518,3.10935,1.0,6432
1201100,L405N-013,holiday,20:25,108.953,0.0,4444.0,354.085,0.0636667,0.00564364,40.7884,3.2499,1.0,6432
1201100,L405N-013,holiday,20:30,108.926,0.0657012,4374.0,357.169,0.0625667,0.00575141,40.1568,3.29526,1.0,6432
1201100,L405N-013,holiday,20:35,108.926,0.0657012,4330.0,360.513,0.0621667,0.00585924,39.7529,3.32548,1.0,6432
1201100,L405N-013,holiday,20:40,108.872,0.0881474,4332.0,373.892,0.06215,0.00581747,39.7875,3.40244,1.0,6432
1201100,L405N-013,holiday,20:45,108.926,0.158229,4290.0,378.314,0.0614833,0.00563149,39.381,3.42405,1.0,6432
1201100,L405N-013,holiday,20:50,109.033,0.0881474,4228.0,377.469,0.0607667,0.00579885,38.775,3.43098,1.0,6432
1201100,L405N-013,holiday,20:55,109.087,0.158229,4162.0,383.956,0.0598167,0.00563539,38.1496,3.47291,1.0,6432
1201100,L405N-013,holiday,21:00,110.401,0.176295,4130.0,385.902,0.05905,0.00555905,37.4045,3.43605,1.0,6432
1201100,L405N-013,holiday,21:05,111.018,0.158229,4146.0,378.314,0.0594167,0.0056478,37.3419,3.36202,1.0,6432
1201100,L405N-013,holiday,21:10,111.286,0.0881474,4236.0,396.327,0.0604667,0.00578089,38.0617,3.53131,1.0,6432
1201100,L405N-013,holiday,21:15,111.528,1.70598e-06,4252.0,400.28,0.0609333,0.00563761,38.1251,3.58907,1.0,6432
1201100,L405N-013,holiday,21:20,111.608,0.0881474,4220.0,381.114,0.0601,0.0057477,37.8087,3.38518,1.0,6432
1201100,L405N-013,holiday,21:25,111.688,0.176295,4124.0,385.92,0.05905,0.00592579,36.9198,3.39821,1.0,6432
1201100,L405N-013,holiday,21:30,111.849,0.0,4038.0,408.617,0.0576167,0.00623712,36.1021,3.65328,1.0,6432
1201100,L405N-013,holiday,21:35,111.903,0.0831062,3982.0,414.681,0.0567667,0.00622308,35.5831,3.69222,1.0,6432
1201100,L405N-013,holiday,21:40,112.01,1.70598e-06,3930.0,401.794,0.0562167,0.00606215,35.086,3.58711,1.0,6432
1201100,L405N-013,holiday,21:45,112.198,0.0657012,3856.0,427.353,0.0552667,0.00603214,34.3666,3.79436,1.0,6432
1201100,L405N-013,holiday,21:50,112.332,0.176295,3744.0,428.183,0.0534667,0.00621954,33.325,3.7615,1.0,6432
1201100,L405N-013,holiday,21:55,112.466,0.328506,3628.0,447.564,0.0515833,0.00620658,32.2503,3.89732,1.0,6432
1201100,L405N-013,holiday,22:00,112.037,0.236889,3518.0,440.609,0.0500333,0.00643294,31.3961,3.89379,1.0,6432
1201100,L405N-013,holiday,22:05,111.876,0.236889,3508.0,432.111,0.0498667,0.00628671,31.352,3.82451,1.0,6432
1201100,L405N-013,holiday,22:10,111.876,0.121147,3530.0,457.728,0.0503333,0.00665182,31.5533,4.09984,1.0,6432
1201100,L405N-013,holiday,22:15,111.876,0.121147,3460.0,442.907,0.0499,0.00632898,30.9278,3.96945,1.0,6432
1201100,L405N-013,holiday,22:20,111.93,0.197104,3352.0,466.531,0.0481,0.00646684,29.9476,4.17549,1.0,6432
1201100,L405N-013,holiday,22:25,111.984,0.158229,3234.0,459.006,0.0463167,0.00650305,28.8763,4.07424,1.0,6432
1201100,L405N-013,holiday,22:30,112.064,0.242294,3116.0,463.061,0.0444,0.00661816,27.8002,4.08896,1.0,6432
1201100,L405N-013,holiday,22:35,112.144,0.158229,3066.0,472.364,0.0435667,0.00661926,27.3369,4.19035,1.0,6432
1201100,L405N-013,holiday,22:40,112.225,0.242294,3010.0,462.61,0.0429167,0.00678157,26.8161,4.08229,1.0,6432
1201100,L405N-013,holiday,22:45,112.386,0.242294,2888.0,469.669,0.0411833,0.00671161,25.692,4.14018,1.0,6432
1201100,L405N-013,holiday,22:50,112.493,0.176295,2742.0,479.445,0.0390333,0.00685118,24.3702,4.22826,1.0,6432
1201100,L405N-013,holiday,22:55,112.52,0.213908,2604.0,473.962,0.0371667,0.00676984,23.1363,4.16577,1.0,6432
1201100,L405N-013,holiday,23:00,112.118,0.316459,2462.0,489.177,0.0352,0.00665432,21.9533,4.32967,1.0,6432
1201100,L405N-013,holiday,23:05,112.037,0.236889,2418.0,457.686,0.03455,0.00636514,21.5791,4.06861,1.0,6432
1201100,L405N-013,holiday,23:10,111.984,0.158229,2412.0,444.81,0.0344667,0.0060381,21.5363,3.95601,1.0,6432
1201100,L405N-013,holiday,23:15,112.064,0.0831062,2338.0,447.998,0.0333,0.0058337,20.8627,3.99692,1.0,6432
1201100,L405N-013,holiday,23:20,111.984,0.158229,2228.0,443.686,0.0316333,0.00570392,19.8933,3.94756,1.0,6432
1201100,L405N-013,holiday,23:25,112.064,0.242294,2110.0,445.225,0.03025,0.00589432,18.8242,3.94751,1.0,6432
1201100,L405N-013,holiday,23:30,112.064,0.242294,2004.0,423.313,0.0288333,0.00563797,17.8784,3.7526,1.0,6432
1201100,L405N-013,holiday,23:35,112.091,0.264442,2004.0,423.313,0.0285833,0.00552898,17.8724,3.73971,1.0,6432
1201100,L405N-013,holiday,23:40,112.171,0.35259,1990.0,400.622,0.0283667,0.00525116,17.7332,3.52277,1.0,6432
1201100,L405N-013,holiday,23:45,112.037,0.386466,1916.0,385.622,0.0271167,0.00511954,17.0929,3.38383,1.0,6432
1201100,L405N-013,holiday,23:50,112.064,0.427815,1788.0,373.661,0.0255333,0.00484919,15.9456,3.26975,1.0,6432
1201100,L405N-013,holiday,23:55,111.957,0.52561,1660.0,372.632,0.0240333,0.00473357,14.8149,3.24678,1.0,6432
1201100,L405N-013,weekday,00:00,113.486,1.27431,1377.68,234.534,0.0203391,0.003334,12.1533,2.09798,0.874,6432
1201100,L405N-013,weekday,00:05,113.016,1.38318,1383.33,244.03,0.0200064,0.0034669,12.2551,2.19054,0.874,6432
1201100,L405N-013,weekday,00:10,112.692,1.26336,1368.71,228.91,0.0198792,0.00318692,12.157,2.06018,0.874,6432
1201100,L405N-013,weekday,00:15,112.555,1.30032,1317.33,234.001,0.0192069,0.00337361,11.7181,2.11025,0.874,6432
1201100,L405N-013,weekday,00:20,112.434,1.52316,1242.65,205.551,0.0181465,0.00312466,11.0688,1.87144,0.874,6432
1201100,L405N-013,weekday,00:25,112.217,1.5714,1168.34,215.443,0.0172554,0.00311844,10.4291,1.95014,0.874,6432
1201100,L405N-013,weekday,00:30,112.051,1.57863,1121.94,185.294,0.0165698,0.00282162,10.0276,1.68888,0.874,6432
1201100,L405N-013,weekday,00:35,112.02,1.62335,1100.91,201.042,0.0162772,0.00295739,9.84517,1.83027,0.874,6432
1201100,L405N-013,weekday,00:40,111.97,1.57692,1086.65,194.185,0.016146,0.0028914,9.72164,1.77155,0.874,6432
1201100,L405N-013,weekday,00:45,111.888,1.6226,1023.62,178.05,0.0153693,0.00281604,9.16495,1.6287,0.874,6432
1201100,L405N-013,weekday,00:50,111.826,1.75793,954.594,179.703,0.0143802,0.00279328,8.55476,1.63838,0.874,6432
1201100,L405N-013,weekday,00:55,111.636,1.56898,893.287,160.578,0.0136827,0.00247793,8.01538,1.46382,0.874,6432
1201100,L405N-013,weekday,01:00,111.959,1.58179,854.614,162.349,0.0130371,0.0024941,7.64581,1.47236,0.874,6432
1201100,L405N-013,weekday,01:05,112.104,1.46926,853.96,151.339,0.0129559,0.00241455,7.63009,1.37717,0.874,6432
1201100,L405N-013,weekday,01:10,112.151,1.42,833.465,161.033,0.0128322,0.00249543,7.44424,1.45989,0.874,6432
1201100,L405N-013,weekday,01:15,112.156,1.48852,794.614,156.077,0.0122926,0.00249848,7.09704,1.41213,0.874,6432
1201100,L405N-013,weekday,01:20,112.112,1.44039,759.743,149.773,0.0117782,0.00231509,6.78816,1.35445,0.874,6432
1201100,L405N-013,weekday,01:25,112.009,1.55833,719.584,131.907,0.0113421,0.00220751,6.43707,1.20359,0.874,6432
1201100,L405N-013,weekday,01:30,111.912,1.52921,705.327,124.986,0.0111054,0.0020634,6.31313,1.14161,0.874,6432
1201100,L405N-013,weekday,01:35,111.935,1.53384,704.317,130.086,0.0110223,0.00207462,6.30367,1.18353,0.874,6432
1201100,L405N-013,weekday,01:40,111.961,1.42228,699.149,131.266,0.0109292,0.0021084,6.25617,1.19693,0.874,6432
1201100,L405N-013,weekday,01:45,112.004,1.46718,672.832,111.538,0.0106262,0.00196837,6.01792,1.02613,0.874,6432
1201100,L405N-013,weekday,01:50,112.005,1.45974,654.119,126.285,0.0103629,0.00202655,5.85105,1.14713,0.874,6432
1201100,L405N-013,weekday,01:55,111.763,1.47176,632.198,123.825,0.0101198,0.00193206,5.66674,1.12631,0.874,6432
1201100,L405N-013,weekday,02:00,111.93,1.48337,609.267,116.454,0.00979752,0.0019023,5.45295,1.05834,0.874,6432
1201100,L405N-013,weekday,02:05,112.033,1.44207,623.644,124.235,0.00995743,0.00201024,5.577,1.12969,0.874,6432
1201100,L405N-013,weekday,02:10,112.058,1.51516,639.327,119.109,0.0101678,0.00203098,5.71615,1.08593,0.874,6432
1201100,L405N-013,weekday,02:15,112.006,1.4574,626.139,115.267,0.00999455,0.00194256,5.60051,1.05366,0.874,6432
1201100,L405N-013,weekday,02:20,111.919,1.30712,607.01,112.561,0.00997475,0.00189291,5.43195,1.0247,0.874,6432
1201100,L405N-013,weekday,02:25,111.828,1.5607,589.545,121.627,0.00968218,0.00195867,5.28235,1.10484,0.874,6432
1201100,L405N-013,weekday,02:30,111.711,1.50782,584.614,111.228,0.00967673,0.00179823,5.24204,1.01348,0.874,6432
1201100,L405N-013,weekday,02:35,111.634,1.35426,612.594,100.583,0.0100149,0.0015741,5.49392,0.91756,0.874,6432
1201100,L405N-013,weekday,02:40,111.525,1.39058,624.653,110.975,0.0102752,0.00178434,5.60965,1.01848,0.874,6432
1201100,L405N-013,weekday,02:45,111.556,1.43026,619.426,108.696,0.0101099,0.00182236,5.56267,0.999701,0.874,6432
1201100,L405N-013,weekday,02:50,111.453,1.43551,588.178,90.1142,0.00993267,0.00168406,5.28479,0.831211,0.874,6432
1201100,L405N-013,weekday,02:55,111.322,1.31552,566.733,93.2652,0.00960644,0.00160565,5.09883,0.8599,0.874,6432
1201100,L405N-013,weekday,03:00,111.261,1.31478,553.248,86.8919,0.00943812,0.00147967,4.98034,0.804603,0.874,6432
1201100,L405N-013,weekday,03:05,111.425,1.44893,566.317,86.589,0.00970149,0.00154599,5.09106,0.805633,0.874,6432
1201100,L405N-013,weekday,03:10,111.477,1.37393,601.01,86.1414,0.0101911,0.00161892,5.39858,0.796451,0.874,6432
1201100,L405N-013,weekday,03:15,111.469,1.48174,634.277,88.3311,0.0106282,0.00153922,5.69845,0.822157,0.874,6432
1201100,L405N-013,weekday,03:20,111.56,1.47003,672.0,94.1082,0.0111604,0.00167852,6.0337,0.88225,0.874,6432
1201100,L405N-013,weekday,03:25,111.62,1.23451,715.248,107.212,0.0116347,0.00171301,6.41529,0.982488,0.874,6432
1201100,L405N-013,weekday,03:30,111.715,1.21623,767.168,110.945,0.0125124,0.00189532,6.87581,1.0203,0.874,6432
1201100,L405N-013,weekday,03:35,111.915,1.33217,834.356,130.623,0.0134114,0.0021381,7.46623,1.1958,0.874,6432
1201100,L405N-013,weekday,03:40,112.08,1.16193,908.079,135.067,0.0143411,0.00202542,8.11056,1.23105,0.874,6432
1201100,L405N-013,weekday,03:45,112.189,1.14776,942.535,117.02,0.0149158,0.00192812,8.40944,1.0765,0.874,6432
1201100,L405N-013,weekday,03:50,112.159,1.19189,935.465,132.827,0.0149698,0.00222932,8.35102,1.21725,0.874,6432
1201100,L405N-013,weekday,03:55,112.002,1.31488,904.455,130.538,0.0146213,0.00218627,8.08756,1.20266,0.874,6432
1201100,L405N-013,weekday,04:00,111.991,1.32919,913.366,115.17,0.0148416,0.00206736,8.16586,1.06791,0.874,6432
1201100,L405N-013,weekday,04:05,111.912,1.32223,998.139,118.152,0.0161198,0.00205881,8.92886,1.09919,0.874,6432
1201100,L405N-013,weekday,04:10,112.25,1.44794,1146.65,141.293,0.0181168,0.00253277,10.2295,1.31774,0.874,6432
1201100,L405N-013,weekday,04:15,112.5,1.20916,1293.86,166.099,0.0201317,0.00287788,11.5156,1.5327,0.874,6432
1201100,L405N-013,weekday,04:20,112.753,1.11717,1422.59,180.272,0.0219267,0.002995,12.6307,1.6531,0.874,6432
1201100,L405N-013,weekday,04:25,112.86,0.978233,1575.39,214.531,0.0239921,0.00333322,13.9695,1.93863,0.874,6432
1201100,L405N-013,weekday,04:30,113.127,1.05282,1793.05,236.12,0.0271639,0.00374407,15.8639,2.14069,0.874,6432
1201100,L405N-013,weekday,04:35,113.42,1.07827,2073.68,274.379,0.0308569,0.00436645,18.3005,2.48068,0.874,6432
1201100,L405N-013,weekday,04:40,113.769,1.03925,2379.74,292.92,0.0345851,0.00456593,20.9371,2.65848,0.874,6432
1201100,L405N-013,weekday,04:45,113.93,0.910597,2496.18,319.679,0.0362183,0.00484153,21.9275,2.87741,0.874,6432
1201100,L405N-013,weekday,04:50,113.883,0.853617,2497.54,278.22,0.0365708,0.00438481,21.9451,2.51575,0.874,6432
1201100,L405N-013,weekday,04:55,113.524,0.953163,2425.37,252.595,0.0360292,0.00422169,21.3793,2.31023,0.874,6432
1201100,L405N-013,weekday,05:00,113.697,0.818439,2482.04,261.485,0.036948,0.00426079,21.8398,2.35129,0.874,6432
1201100,L405N-013,weekday,05:05,113.64,0.755353,2684.61,269.313,0.0400069,0.00447256,23.6315,2.4127,0.874,6432
1201100,L405N-013,weekday,05:10,113.485,0.887128,2953.37,283.278,0.0441599,0.00468134,26.0342,2.5563,0.874,6432
1201100,L405N-013,weekday,05:15,113.521,0.815874,3256.93,316.116,0.0481851,0.00521784,28.6994,2.84479,0.874,6432
1201100,L405N-013,weekday,05:20,113.546,0.839867,3512.32,356.993,0.0521317,0.00581826,30.9422,3.20021,0.874,6432
1201100,L405N-013,weekday,05:25,113.5,0.954103,3752.61,418.897,0.0555282,0.00688086,33.0792,3.77482,0.874,6432
1201100,L405N-013,weekday,05:30,113.26,0.822651,3997.66,467.641,0.0594347,0.00744336,35.3084,4.1898,0.874,6432
1201100,L405N-013,weekday,05:35,113.192,0.886098,4326.71,484.461,0.064149,0.00796366,38.2458,4.39127,0.874,6432
1201100,L405N-013,weekday,05:40,113.25,1.02667,4691.94,477.266,0.0692218,0.00787093,41.4586,4.38787,0.874,6432
1201100,L405N-013,weekday,05:45,113.47,1.43285,4895.52,473.345,0.0716985,0.0081094,43.1916,4.46566,0.874,6432
1201100,L405N-013,weekday,05:50,113.563,1.4063,4870.99,490.526,0.0708465,0.00796246,42.9406,4.60051,0.874,6432
1201100,L405N-013,weekday,05:55,113.444,1.32274,4677.03,489.036,0.0688069,0.00811201,41.2719,4.55459,0.874,6432
1201100,L405N-013,weekday,06:00,110.573,1.6596,4625.7,493.702,0.0692658,0.00834315,41.8977,4.80768,0.874,6432
1201100,L405N-013,weekday,06:05,108.695,1.82142,4847.23,508.527,0.0731941,0.00866924,44.6666,5.07617,0.874,6432
1201100,L405N-013,weekday,06:10,107.648,2.07184,5198.97,484.128,0.0786272,0.00875343,48.3815,5.03425,0.874,6432
1201100,L405N-013,weekday,06:15,106.958,2.00507,5509.66,464.901,0.0837594,0.00850404,51.5936,4.92711,0.874,6432
1201100,L405N-013,weekday,06:20,106.584,2.0706,5667.27,480.06,0.0860203,0.0088561,53.2585,5.11708,0.874,6432
1201100,L405N-013,weekday,06:25,106.331,2.18265,5754.12,423.649,0.0879223,0.00820736,54.1929,4.62434,0.874,6432
1201100,L405N-013,weekday,06:30,106.22,2.20329,5870.67,407.243,0.0901866,0.00827239,55.348,4.52601,0.874,6432
1201100,L405N-013,weekday,06:35,106.001,2.24206,6092.61,354.813,0.0947178,0.00779739,57.5467,4.07535,0.874,6432
1201100,L405N-013,weekday,06:40,105.853,2.30713,6302.55,310.847,0.0992134,0.00771635,59.6085,3.74169,0.874,6432
1201100,L405N-013,weekday,06:45,105.767,2.11955,6396.71,238.652,0.101368,0.00656229,60.5164,2.80681,0.874,6432
1201100,L405N-013,weekday,06:50,105.749,2.1617,6281.47,209.114,0.0991975,0.00612117,59.4404,2.61703,0.874,6432
1201100,L405N-013,weekday,06:55,105.833,2.14304,6119.52,219.621,0.0965569,0.00592373,57.8619,2.65683,0.874,6432
1201100,L405N-013,weekday,07:00,105.867,2.06512,6071.23,223.406,0.0957282,0.00610268,57.387,2.71912,0.874,6432
1201100,L405N-013,weekday,07:05,105.421,2.03765,6142.57,218.567,0.0984342,0.00621428,58.2972,2.52441,0.874,6432
1201100,L405N-013,weekday,07:10,104.846,1.91488,6334.46,202.668,0.102631,0.004719,60.4208,1.6966,0.874,6432
1201100,L405N-013,weekday,07:15,104.392,1.7583,6461.52,242.459,0.105567,0.00441827,61.8875,1.71894,0.874,6432
1201100,L405N-013,weekday,07:20,104.039,1.41817,6492.12,255.878,0.106921,0.00460201,62.3913,2.00646,0.874,6432
1201100,L405N-013,weekday,07:25,103.415,1.13063,6480.12,229.923,0.10788,0.00444144,62.6586,2.03417,0.874,6432
1201100,L405N-013,weekday,07:30,102.416,3.12781,6452.79,178.767,0.110115,0.00880084,63.0806,3.06286,0.874,6432
1201100,L405N-013,weekday,07:35,101.427,5.34119,6480.77,212.104,0.1125,0.0112915,64.0886,4.27126,0.874,6432
1201100,L405N-013,weekday,07:40,100.629,7.06332,6487.66,245.064,0.113726,0.0114222,64.7584,4.64234,0.874,6432
1201100,L405N-013,weekday,07:45,100.467,7.56595,6441.45,280.07,0.112144,0.00821208,64.393,4.09558,0.874,6432
1201100,L405N-013,weekday,07:50,100.586,7.15367,6312.89,374.062,0.1087,0.0074464,62.9459,3.95251,0.874,6432
1201100,L405N-013,weekday,07:55,100.743,6.15412,6137.88,433.826,0.104475,0.00838984,60.98,3.39424,0.874,6432
1201100,L405N-013,weekday,08:00,101.107,5.24505,6073.96,372.611,0.102358,0.00654432,60.0993,2.53915,0.874,6432
1201100,L405N-013,weekday,08:05,101.006,5.22755,6063.33,361.619,0.103024,0.00620566,60.0537,2.37427,0.874,6432
1201100,L405N-013,weekday,08:10,100.714,5.37792,6101.76,380.266,0.104515,0.00747669,60.637,3.00488,0.874,6432
1201100,L405N-013,weekday,08:15,100.349,5.75179,6143.52,405.209,0.105369,0.00768193,61.273,3.07899,0.874,6432
1201100,L405N-013,weekday,08:20,100.265,6.11781,6139.54,401.874,0.105254,0.00766105,61.314,3.20275,0.874,6432
1201100,L405N-013,weekday,08:25,100.098,6.67105,6102.89,387.33,0.104574,0.00715128,61.0596,2.71613,0.874,6432
1201100,L405N-013,weekday,08:30,99.706,7.41571,6091.84,360.276,0.104976,0.0088591,61.2658,3.01517,0.874,6432
1201100,L405N-013,weekday,08:35,99.5323,7.92295,6084.12,408.358,0.105068,0.00886997,61.3143,3.35689,0.874,6432
1201100,L405N-013,weekday,08:40,99.2583,8.09596,6114.42,431.75,0.105743,0.00861979,61.7894,3.5463,0.874,6432
1201100,L405N-013,weekday,08:45,99.3611,7.87383,6100.22,464.289,0.103997,0.00781724,61.5336,3.30523,0.874,6432
1201100,L405N-013,weekday,08:50,99.8295,6.47404,5981.17,521.079,0.100555,0.00824031,59.9147,3.54495,0.874,6432
1201100,L405N-013,weekday,08:55,100.329,4.95184,5858.38,460.333,0.0972663,0.00780595,58.3714,3.3328,0.874,6432
1201100,L405N-013,weekday,09:00,100.461,4.12088,5757.5,451.479,0.0952218,0.00820211,57.3008,3.72283,0.874,6432
1201100,L405N-013,weekday,09:05,100.676,2.19923,5722.4,445.09,0.0939649,0.00888835,56.8233,4.10166,0.874,6432
1201100,L405N-013,weekday,09:10,100.635,1.30545,5783.23,360.287,0.0947084,0.0078649,57.4827,3.71608,0.874,6432
1201100,L405N-013,weekday,09:15,100.611,1.30548,5818.93,402.784,0.0955015,0.00847683,57.8698,4.34631,0.874,6432
1201100,L405N-013,weekday,09:20,100.607,1.51612,5864.79,397.079,0.0958351,0.00839564,58.3525,4.49021,0.874,6432
1201100,L405N-013,weekday,09:25,100.58,1.53387,5847.03,347.587,0.0953421,0.00757636,58.1831,3.98948,0.874,6432
1201100,L405N-013,weekday,09:30,100.53,1.85918,5864.2,331.883,0.0957351,0.00732023,58.3864,3.86452,0.874,6432
1201100,L405N-013,weekday,09:35,100.527,2.31503,5870.26,296.29,0.0959916,0.00688105,58.4478,3.50845,0.874,6432
1201100,L405N-013,weekday,09:40,100.46,2.7232,5909.94,290.818,0.0967054,0.0068245,58.8838,3.37423,0.874,6432
1201100,L405N-013,weekday,09:45,100.427,2.63976,5904.53,275.607,0.0967307,0.00644559,58.8395,3.13852,0.874,6432
1201100,L405N-013,weekday,09:50,100.366,2.5442,5806.51,320.928,0.0947604,0.0065949,57.8969,3.51293,0.874,6432
1201100,L405N-013,weekday,09:55,100.348,2.4847,5686.4,336.838,0.0923327,0.00681539,56.7119,3.69258,0.874,6432
1201100,L405N-013,weekday,10:00,100.547,2.41952,5577.15,347.802,0.0897208,0.00693603,55.518,3.83677,0.874,6432
1201100,L405N-013,weekday,10:05,100.309,2.30744,5572.1,305.413,0.0901703,0.00603609,55.5816,3.28983,0.874,6432
1201100,L405N-013,weekday,10:10,100.214,1.86641,5613.5,308.282,0.0905921,0.00621318,56.0403,3.31031,0.874,6432
1201100,L405N-013,weekday,10:15,100.196,1.57646,5657.17,301.699,0.0915361,0.00634166,56.4893,3.31852,0.874,6432
1201100,L405N-013,weekday,10:20,100.191,1.53416,5678.79,352.818,0.0915312,0.00715839,56.7184,3.9051,0.874,6432
1201100,L405N-013,weekday,10:25,100.233,1.69468,5677.72,338.374,0.091504,0.00694064,56.6886,3.81838,0.874,6432
1201100,L405N-013,weekday,10:30,100.218,1.63279,5696.79,304.786,0.0914985,0.00642924,56.8781,3.4529,0.874,6432
1201100,L405N-013,weekday,10:35,100.25,1.69292,5732.5,296.317,0.0922074,0.00648752,57.2231,3.4526,0.874,6432
1201100,L405N-013,weekday,10:40,100.253,1.65992,5757.56,282.726,0.0927653,0.00605706,57.4683,3.29408,0.874,6432
1201100,L405N-013,weekday,10:45,100.263,1.70457,5786.32,290.981,0.0931267,0.00619709,57.7444,3.2768,0.874,6432
1201100,L405N-013,weekday,10:50,100.296,1.71071,5704.4,306.763,0.0915213,0.006516,56.9165,3.52661,0.874,6432
1201100,L405N-013,weekday,10:55,100.21,1.51269,5641.43,309.662,0.090552,0.00570096,56.3162,3.30482,0.874,6432
1201100,L405N-013,weekday,11:00,100.288,1.33441,5574.59,350.675,0.088955,0.00660739,55.6092,3.72458,0.874,6432
1201100,L405N-013,weekday,11:05,100.199,1.14644,5599.43,334.701,0.0897267,0.00653604,55.9043,3.57635,0.874,6432
1201100,L405N-013,weekday,11:10,100.139,1.17028,5673.27,321.445,0.0910663,0.00644798,56.6805,3.52667,0.874,6432
1201100,L405N-013,weekday,11:15,100.131,1.29908,5707.31,365.506,0.0919609,0.00717584,57.0322,3.99389,0.874,6432
1201100,L405N-013,weekday,11:20,100.076,1.22674,5750.26,355.021,0.092502,0.00716271,57.4891,3.87112,0.874,6432
1201100,L405N-013,weekday,11:25,100.191,1.44265,5728.75,363.827,0.0919252,0.0074585,57.2208,4.07182,0.874,6432
1201100,L405N-013,weekday,11:30,100.229,1.36968,5711.47,370.409,0.0919624,0.00750949,57.0263,4.11728,0.874,6432
1201100,L405N-013,weekday,11:35,100.244,1.43345,5747.94,385.916,0.0924347,0.0077795,57.3859,4.29559,0.874,6432
1201100,L405N-013,weekday,11:40,100.266,1.56949,5795.64,337.451,0.0931792,0.00732747,57.8499,3.87199,0.874,6432
1201100,L405N-013,weekday,11:45,100.226,1.59668,5784.77,383.828,0.0932134,0.00768204,57.7566,4.2177,0.874,6432
1201100,L405N-013,weekday,11:50,100.224,1.57112,5725.84,388.611,0.092245,0.00778498,57.1731,4.25841,0.874,6432
1201100,L405N-013,weekday,11:55,100.372,1.95501,5651.05,399.953,0.0910059,0.00836339,56.3603,4.47923,0.874,6432
1201100,L405N-013,weekday,12:00,100.452,1.81728,5635.72,424.106,0.0900683,0.00826203,56.1624,4.69082,0.874,6432
1201100,L405N-013,weekday,12:05,100.322,2.09793,5675.23,423.116,0.0912307,0.00856948,56.6363,4.72349,0.874,6432
1201100,L405N-013,weekday,12:10,100.29,1.84002,5758.51,467.339,0.0928005,0.00943457,57.4926,5.19758,0.874,6432
1201100,L405N-013,weekday,12:15,100.206,1.87165,5838.77,383.374,0.0942144,0.00789403,58.3199,4.28891,0.874,6432
1201100,L405N-013,weekday,12:20,100.045,2.33481,5863.13,386.65,0.0948406,0.00815295,58.6355,4.03089,0.874,6432
1201100,L405N-013,weekday,12:25,100.069,1.85549,5841.62,395.074,0.0938421,0.00790808,58.4117,4.23618,0.874,6432
1201100,L405N-013,weekday,12:30,100.163,1.5237,5841.39,381.124,0.0937337,0.00806106,58.3586,4.20432,0.874,6432
1201100,L405N-013,weekday,12:35,100.244,1.47317,5849.23,371.083,0.0939213,0.00785665,58.3945,4.16666,0.874,6432
1201100,L405N-013,weekday,12:40,100.111,1.54243,5917.54,304.875,0.0951767,0.00667099,59.139,3.39536,0.874,6432
1201100,L405N-013,weekday,12:45,100.245,1.54266,5892.36,349.375,0.0945965,0.00754204,58.8197,3.9203,0.874,6432
1201100,L405N-013,weekday,12:50,100.352,1.81004,5846.73,386.955,0.0938683,0.00807956,58.3151,4.3375,0.874,6432
1201100,L405N-013,weekday,12:55,100.455,1.64342,5793.86,379.828,0.0927163,0.00801755,57.729,4.30941,0.874,6432
1201100,L405N-013,weekday,13:00,100.621,1.55467,5759.23,442.461,0.0917515,0.00865484,57.2902,4.85581,0.874,6432
1201100,L405N-013,weekday,13:05,100.586,1.46995,5842.16,365.422,0.0931946,0.00774885,58.1325,4.17529,0.874,6432
1201100,L405N-013,weekday,13:10,100.421,1.74487,5894.44,417.781,0.0946218,0.00849853,58.7459,4.59416,0.874,6432
1201100,L405N-013,weekday,13:15,100.37,1.52264,5957.52,368.889,0.0958446,0.00751121,59.396,4.10303,0.874,6432
1201100,L405N-013,weekday,13:20,100.407,1.56864,5991.86,342.755,0.0958203,0.00751295,59.7151,3.84712,0.874,6432
1201100,L405N-013,weekday,13:25,100.351,1.64545,5968.63,380.697,0.095653,0.00794825,59.5188,4.20598,0.874,6432
1201100,L405N-013,weekday,13:30,100.397,1.80611,5984.55,356.295,0.0956406,0.00793181,59.6639,4.11815,0.874,6432
1201100,L405N-013,weekday,13:35,100.449,1.93771,6084.42,323.194,0.0973436,0.00755087,60.6195,3.74593,0.874,6432
1201100,L405N-013,weekday,13:40,100.366,1.81596,6214.51,281.213,0.0997351,0.00729985,61.9638,3.42988,0.874,6432
1201100,L405N-013,weekday,13:45,100.167,1.7624,6224.73,226.864,0.100625,0.00627389,62.1794,2.85733,0.874,6432
1201100,L405N-013,weekday,13:50,100.257,1.68203,6151.84,320.732,0.0991698,0.00752292,61.3983,3.68239,0.874,6432
1201100,L405N-013,weekday,13:55,100.135,1.28674,6046.46,322.841,0.0978134,0.00726469,60.4112,3.59473,0.874,6432
1201100,L405N-013,weekday,14:00,100.355,1.39181,6005.11,359.559,0.0962208,0.00787699,59.8671,3.91402,0.874,6432
1201100,L405N-013,weekday,14:05,100.254,1.46726,6075.56,338.208,0.0978317,0.00758087,60.6256,3.67716,0.874,6432
1201100,L405N-013,weekday,14:10,100.282,1.47926,6214.4,367.846,0.100656,0.00888737,62.0192,4.23319,0.874,6432
1201100,L405N-013,weekday,14:15,100.119,1.42882,6273.92,338.795,0.102023,0.00805884,62.7079,3.91618,0.874,6432
1201100,L405N-013,weekday,14:20,100.123,1.54026,6239.11,370.385,0.101668,0.00887464,62.3717,4.32827,0.874,6432
1201100,L405N-013,weekday,14:25,100.115,1.49303,6209.05,406.844,0.101055,0.00898412,62.0736,4.6143,0.874,6432
1201100,L405N-013,weekday,14:30,100.098,1.64764,6165.09,395.258,0.100636,0.00910458,61.652,4.55364,0.874,6432
1201100,L405N-013,weekday,14:35,100.088,1.79681,6288.06,378.932,0.10315,0.008923,62.8793,4.36565,0.874,6432
1201100,L405N-013,weekday,14:40,99.8717,1.85266,6482.2,309.063,0.107515,0.00819793,64.9523,3.7038,0.874,6432
1201100,L405N-013,weekday,14:45,99.5124,1.81181,6496.34,327.352,0.108587,0.00824929,65.3211,3.80621,0.874,6432
1201100,L405N-013,weekday,14:50,99.3109,1.93556,6349.43,335.1,0.106972,0.00909606,63.9925,4.04538,0.874,6432
1201100,L405N-013,weekday,14:55,99.2774,1.90485,6191.23,479.658,0.104266,0.0109632,62.4456,5.4874,0.874,6432
1201100,L405N-013,weekday,15:00,99.4089,1.75131,6108.77,438.579,0.102091,0.00972554,61.5045,4.89846,0.874,6432
1201100,L405N-013,weekday,15:05,99.5889,1.78359,6138.65,513.541,0.102655,0.0111894,61.7098,5.68209,0.874,6432
1201100,L405N-013,weekday,15:10,99.4814,1.72667,6288.18,456.715,0.106003,0.0107894,63.2787,5.17493,0.874,6432
1201100,L405N-013,weekday,15:15,99.3475,2.02552,6315.15,450.225,0.107551,0.0108704,63.6419,5.15663,0.874,6432
1201100,L405N-013,weekday,15:20,99.2081,2.32973,6263.88,443.818,0.107132,0.0108722,63.2221,5.11078,0.874,6432
1201100,L405N-013,weekday,15:25,99.224,2.2473,6197.88,551.903,0.105764,0.0123233,62.5401,6.04312,0.874,6432
1201100,L405N-013,weekday,15:30,99.4057,2.15181,6176.97,546.66,0.104638,0.0123631,62.229,6.07195,0.874,6432
1201100,L405N-013,weekday,15:35,99.4726,2.09671,6268.63,513.072,0.106442,0.0120382,63.1088,5.80177,0.874,6432
1201100,L405N-013,weekday,15:40,99.036,2.01665,6398.08,451.522,0.110319,0.0109686,64.6763,5.17118,0.874,6432
1201100,L405N-013,weekday,15:45,98.5628,1.62844,6378.12,470.468,0.111572,0.0107953,64.7505,5.11335,0.874,6432
1201100,L405N-013,weekday,15:50,98.319,1.79201,6266.2,566.563,0.110007,0.0130715,63.8076,6.23054,0.874,6432
1201100,L405N-013,weekday,15:55,98.3134,1.72615,6170.32,573.414,0.107789,0.0130191,62.8295,6.26859,0.874,6432
1201100,L405N-013,weekday,16:00,98.7819,1.9406,6108.77,635.978,0.105272,0.0139796,61.9331,6.92664,0.874,6432
1201100,L405N-013,weekday,16:05,99.0551,2.23391,6198.42,589.156,0.106689,0.0136068,62.695,6.65432,0.874,6432
1201100,L405N-013,weekday,16:10,99.0272,2.29923,6337.6,581.689,0.11015,0.0135325,64.1212,6.63738,0.874,6432
1201100,L405N-013,weekday,16:15,98.5397,2.20154,6349.25,556.899,0.111983,0.0129548,64.5293,6.29123,0.874,6432
1201100,L405N-013,weekday,16:20,98.358,2.28698,6280.46,606.504,0.111499,0.0139826,63.955,6.75373,0.874,6432
1201100,L405N-013,weekday,16:25,98.2815,2.27417,6232.16,597.023,0.110398,0.0138087,63.5063,6.62845,0.874,6432
1201100,L405N-013,weekday,16:30,98.5253,2.40123,6157.6,652.434,0.108516,0.014934,62.6171,7.24737,0.874,6432
1201100,L405N-013,weekday,16:35,98.8966,2.56754,6186.95,679.318,0.108564,0.0156169,62.7252,7.67216,0.874,6432
1201100,L405N-013,weekday,16:40,98.9523,2.88157,6306.18,624.553,0.110735,0.0149722,63.908,7.27218,0.874,6432
1201100,L405N-013,weekday,16:45,98.8966,3.13227,6298.4,604.98,0.111708,0.0150733,63.8827,7.19966,0.874,6432
1201100,L405N-013,weekday,16:50,98.8002,3.04078,6256.22,607.455,0.110926,0.0147174,63.4958,7.12591,0.874,6432
1201100,L405N-013,weekday,16:55,99.1348,3.1092,6191.58,621.55,0.108965,0.0150385,62.6412,7.23105,0.874,6432
1201100,L405N-013,weekday,17:00,99.6415,3.11747,6146.14,653.458,0.106585,0.0152411,61.8853,7.5468,0.874,6432
1201100,L405N-013,weekday,17:05,99.8534,3.29826,6232.46,640.688,0.107736,0.0149587,62.6239,7.46548,0.874,6432
1201100,L405N-013,weekday,17:10,99.4973,3.47335,6388.87,548.037,0.112642,0.014017,64.4034,6.66146,0.874,6432
1201100,L405N-013,weekday,17:15,98.4958,3.7432,6407.76,545.582,0.115412,0.0141311,65.2548,6.71948,0.874,6432
1201100,L405N-013,weekday,17:20,97.1845,4.44272,6327.74,495.214,0.116391,0.0139655,65.3404,6.4882,0.874,6432
1201100,L405N-013,weekday,17:25,96.1663,5.08329,6219.15,614.471,0.115161,0.0159334,64.9934,7.9064,0.874,6432
1201100,L405N-013,weekday,17:30,95.7201,5.60755,6151.37,611.565,0.113577,0.0160726,64.644,8.16395,0.874,6432
1201100,L405N-013,weekday,17:35,95.8946,5.81659,6103.49,650.289,0.11229,0.0166326,64.0447,8.48006,0.874,6432
